Player;Position;Age;Transfer Value;Division;Based In;Interceptions per 90;Possession Won per 90;Shots on Target Percentage;Key Tackles per 90;Conv %;Save Percentage;xGP/90;Open Play Key Passes per 90;Chances Created per 90;Pass Completion Percentage;Possession Lost per 90;xGP;Clearances per 90;Pres A/90;Pres C/90;Tackles Completed per 90;Shots From Outside The Box Per 90 minutes;Shots on Target per 90;Expected Save Percentage;Passes Attempted per 90;Progressive Passes per 90;Sprints/90;Key Passes per 90;Dribbles per 90;Tackled Completed;Open Play Crosses Completed per 90;Shot/90;Shts Blckd/90;Blk/90;Goals per 90 minutes;Dist/90;NP-xG/90;Headers Attempted per 90;xA/90;Open Play Crosses Attempted per 90;Headers Won per 90;Asts/90;Crosses Attempted per 90;Crosses Completed Ratio;Key Headers per 90;Headers Won Percentage;xG-OP;Tackles Attempted;xG/90;Goals Conceded;Minutes
Youba Diarra;DM, M (C);28;€130K - €1.3M;Premier Division;Austria;0.1;8.4;42%;0.0;17%;0;0.0;0.1;0.4;81%;16.9;0;0.0;0.1;0.1;0.0;0.3;0.3;0;1.2;0.1;0.3;0.2;0.0;0;0.0;0.7;0.0;0.1;0.1;0.3;0.0;0.1;0.1;0.0;0.0;0.1;0.0;0;0.0;0;1.34;0;0.0;0;1570
Simon Handle;D/WB/M (L), AM (RL);33;€0 - €7K;3. Liga;Germany;2.2;8.0;64%;0.3;11%;0;0.0;1.8;0.4;85%;13.9;0;1.1;11.7;2.9;2.5;1.1;0.9;0;50.4;4.4;22.1;1.9;3.1;52;0.9;1.3;0.0;0.2;0.1;13.1;0.1;4.5;0.2;5.0;1.5;0.2;5.4;18;0.1;33;1.75;57;0.1;0;1867
Andreas Leitner;GK;32;Not for Sale;Premier Division;Austria;0.0;3.8;0%;0.0;0%;67;-0.3;0.0;0.0;74%;10.1;-8.86;3.0;0.0;0.0;0.0;0.0;0.0;88;25.4;0.0;0.0;0.0;0.0;1;0.0;0.0;0.0;0.0;0.0;5.1;0.0;0.0;0.0;0.0;0.0;0.0;0.0;0;0.0;0;0;5;0.0;47;2700
Martin Rasner;WB (R), DM, M (RC);30;€400K;Premier Division;Austria;2.1;11.7;0%;0.3;0%;0;0.0;1.8;0.2;88%;16.7;0;1.4;10.2;2.4;2.2;0.0;0.0;0;44.6;4.4;24.1;1.8;2.0;25;0.8;0.2;0.0;0.5;0.0;12.8;0.0;3.6;0.1;7.1;1.8;0.0;7.1;11;0.2;50;-0.25;33;0.0;0;1005
Jürgen Heil;D (R), M/AM (C);29;€16K - €150K;Premier Division;Austria;0.0;7.9;43%;0.0;10%;0;0.0;0.0;0.3;0%;14.1;0;0.0;0.0;0.0;0.0;0.3;0.4;0;0.0;0.0;0.0;0.0;0.0;0;0.0;1.0;0.0;0.0;0.1;0.0;0.1;0.0;0.2;0.0;0.0;0.0;0.0;0;0.0;0;-0.86;0;0.1;0;1910
Christopher Cvetko;M/AM (C);29;€160K;Premier Division;Austria;0.5;9.7;32%;0.0;7%;0;0.0;0.1;0.2;84%;12.1;0;0.1;0.8;0.2;0.1;0.5;0.5;0;7.1;0.7;1.9;1.0;0.0;2;0.0;1.7;0.0;0.1;0.1;1.6;0.2;0.2;0.1;0.1;0.2;0.0;0.1;0;0.1;75;-0.52;3;0.2;0;1490
Mirko Kos;GK;29;€1.5K - €16K;Premier Division;Austria;0.0;3.7;0%;0.0;0%;68;-0.0;0.0;0.0;75%;7.5;-0.29;2.7;0.0;0.0;0.0;0.0;0.0;87;23.6;0.0;0.0;0.0;0.0;0;0.0;0.0;0.0;0.0;0.0;5.8;0.0;0.0;0.0;0.0;0.0;0.0;0.0;0;0.0;0;0;1;0.0;12;1128
Marko Raguž;AM (C), ST (C);27;€9K;Premier Division;Austria;0.7;4.9;38%;0.0;10%;0;0.0;1.3;0.3;89%;15.9;0;0.2;2.8;0.7;0.4;0.7;1.2;0;33.1;1.3;8.9;1.3;0.6;5;0.1;3.1;0.0;0.1;0.3;11.0;0.4;6.8;0.1;0.5;2.1;0.2;0.5;14;0.0;31;-1.03;7;0.4;0;1146
Felix Strauss;D (LC), DM;25;€70K - €700K;3. Liga;Germany;3.2;10.7;38%;0.0;25%;0;0.0;0.5;0.1;90%;7.5;0;1.0;5.1;1.1;0.9;0.1;0.2;0;58.6;3.7;9.4;0.5;0.4;13;0.1;0.6;0.2;0.6;0.1;11.6;0.1;4.6;0.0;0.4;3.3;0.0;0.4;33;0.6;71;1.13;21;0.1;0;1283
Luca Kronberger;M (R), AM (RLC);24;€475K;Premier Division;Austria;2.1;2.8;39%;0.0;14%;0;0.0;1.6;0.0;89%;18.6;0;0.6;8.6;2.1;1.1;0.3;0.5;0;44.4;3.2;13.4;2.2;3.5;25;0.4;1.2;0.0;0.5;0.2;11.3;0.1;4.8;0.0;2.7;2.1;0.0;2.7;14;0.2;43;1.03;33;0.1;0;2139
Manuel Polster;WB/M/AM (L), ST (C);23;€12K - €110K;3. Liga;Germany;3.7;11.5;35%;0.1;5%;0;0.0;1.7;0.7;82%;16.6;0;0.8;9.3;2.7;1.9;1.1;0.7;0;38.2;3.6;24.9;1.7;4.2;62;1.3;1.9;0.3;0.6;0.1;13.1;0.1;5.8;0.3;8.3;4.0;0.2;8.3;15;0.5;69;-1.36;76;0.1;0;2941
Jakob Knollmüller;AM (RL), ST (C);22;€600K - €1.4M;Premier Division;Austria;0.8;1.1;48%;0.0;24%;0;0.0;0.9;0.4;91%;23.7;0;0.3;2.7;1.1;0.2;0.5;0.9;0;28.8;0.6;5.2;0.9;0.9;2;0.2;1.8;0.0;0.2;0.4;11.3;0.3;8.8;0.1;0.9;2.4;0.1;0.9;20;0.1;27;2.03;6;0.3;0;1057
Thomas Schiestl;WB (R), M (RC);23;€50K - €500K;Premier Division;Austria;2.8;8.9;0%;0.0;0%;0;0.0;1.5;0.1;83%;16.6;0;1.1;9.5;1.5;1.5;0.0;0.0;0;47.0;4.4;23.1;1.5;1.5;20;1.6;0.0;0.0;0.7;0.0;12.7;0.0;4.6;0.1;7.6;2.1;0.1;7.6;21;0.6;46;0;29;0.0;0;1227
Aljaž Casar;D (C), DM, M (C);25;€230K - €800K;3. Liga;Germany;3.3;10.6;25%;0.1;0%;0;0.0;0.5;0.0;91%;6.2;0;0.7;7.6;1.8;1.7;0.7;0.3;0;57.0;5.6;12.1;0.5;0.4;34;0.0;1.0;0.5;0.6;0.0;12.4;0.0;3.2;0.0;0.0;2.3;0.1;0.0;0;1.3;73;-0.96;47;0.0;0;1759
Dominik Kirnbauer;D (C);23;€140K - €1.4M;Premier Division;Austria;4.1;9.9;9%;0.1;0%;0;0.0;0.3;0.1;82%;5.7;0;1.6;2.1;0.8;0.4;0.2;0.0;0;43.7;2.6;3.6;0.3;0.0;12;0.0;0.4;0.7;0.8;0.0;9.9;0.0;7.1;0.0;0.0;5.2;0.0;0.0;0;1.3;73;-0.48;16;0.0;0;2511
Nicolas Bajlicz;DM;21;€210K - €2M;Premier Division;Austria;2.5;10.8;11%;0.1;0%;0;0.0;0.8;0.2;89%;7.3;0;0.7;5.6;2.0;1.2;0.1;0.0;0;48.5;4.8;11.3;0.8;0.3;37;0.0;0.3;0.1;0.6;0.0;12.0;0.0;2.3;0.2;0.1;1.1;0.1;0.1;0;0.1;46;-1.11;52;0.0;0;2729
Joël Ito;M/AM (C);28;€250K;Jupiler Pro League;Belgium;1.6;11.3;46%;0.0;14%;0;0.0;1.5;0.2;88%;19.2;0;0.5;4.9;1.2;0.4;0.5;0.5;0;41.6;2.0;10.5;1.6;1.0;10;0.1;1.1;0.0;0.1;0.2;12.2;0.1;4.2;0.1;0.7;1.9;0.2;0.7;11;0.0;45;1.9;14;0.1;0;2274
Jordy Gillekens;D (RC), WB (R);26;€180K - €600K;3. Liga;Germany;3.7;13.0;10%;0.2;10%;0;0.0;0.2;0.0;85%;7.8;0;1.5;2.2;0.6;0.5;0.0;0.0;0;44.5;2.7;4.8;0.2;0.1;18;0.0;0.3;0.4;0.6;0.0;10.0;0.0;7.1;0.0;0.1;5.5;0.0;0.1;20;1.3;78;0.11;26;0.0;0;3107
Samuel Gueulette;DM, M (C);25;€350K;Jupiler Pro League;Belgium;2.6;10.9;44%;0.0;11%;0;0.0;0.7;0.3;91%;7.4;0;1.0;5.9;1.2;0.8;0.1;0.1;0;51.5;3.4;11.1;1.2;0.1;21;0.1;0.3;0.3;0.7;0.0;11.3;0.0;2.0;0.2;0.1;1.4;0.2;1.2;15;0.2;70;0.27;24;0.0;0;2455
Maurides;ST (C);32;€20K - €190K;PKO BP Ekstraklasa;Poland;0.9;1.9;53%;0.0;14%;0;0.0;1.0;0.1;87%;17.1;0;0.2;1.6;0.5;0.3;0.6;1.2;0;31.3;0.6;7.9;1.2;0.5;6;0.1;2.3;0.0;0.1;0.3;10.2;0.2;8.1;0.1;0.1;3.1;0.0;0.1;66;0.0;38;0.88;6;0.3;0;1954
Ivan Brkić;GK;30;€1.5K - €14K;PKO BP Ekstraklasa;Poland;0.0;2.5;0%;0.0;0%;74;0.4;0.0;0.0;84%;7.5;8.73;3.6;0.0;0.0;0.0;0.0;0.0;89;24.2;0.0;0.0;0.0;0.0;1;0.0;0.0;0.0;0.0;0.0;5.6;0.0;0.0;0.0;0.0;0.0;0.0;0.0;0;0.0;0;0;2;0.0;27;2160
Jamilu Collins;D/WB (L);31;Not for Sale;3. Liga;Germany;3.9;12.7;22%;0.1;0%;0;0.0;1.3;0.2;85%;13.9;0;2.2;7.9;2.6;2.8;0.3;0.1;0;55.6;7.3;19.2;1.4;1.2;58;0.5;0.4;0.1;0.5;0.0;12.7;0.0;2.6;0.1;3.3;1.3;0.1;4.2;12;0.1;50;-0.66;68;0.0;0;1834
Marin Karamarko;D (C);28;€180K - €600K;PKO BP Ekstraklasa;Poland;2.6;14.4;0%;0.1;0%;0;0.0;0.1;0.1;90%;3.4;0;1.0;2.1;0.6;0.2;0.3;0.0;0;40.4;1.5;2.8;0.1;0.0;3;0.0;0.6;1.3;0.7;0.0;9.6;0.1;5.6;0.1;0.0;3.7;0.0;0.0;0;1.2;65;-0.8;7;0.1;0;1404
Danijel Lončar;D (RC);28;€1K - €10K;PKO BP Ekstraklasa;Poland;3.0;17.4;60%;0.0;0%;0;0.0;0.2;0.1;87%;3.5;0;0.8;3.4;0.8;0.6;0.3;0.2;0;42.0;2.0;4.8;0.2;0.1;7;0.1;0.4;0.7;0.8;0.0;10.2;0.0;5.6;0.1;0.1;3.2;0.2;0.1;100;1.0;57;-0.24;10;0.0;0;1101
Jan Mejdr;D/WB (RL), M (R);31;€0 - €40K;3. Liga;Germany;3.1;10.1;32%;0.1;12%;0;0.0;2.1;0.5;85%;16.8;0;0.8;8.5;2.3;2.4;0.5;0.3;0;50.4;6.3;27.8;2.1;1.9;68;1.5;0.9;0.3;0.6;0.1;13.2;0.1;4.3;0.2;8.9;2.4;0.0;9.0;17;0.2;55;1.33;78;0.1;0;2498
Konstantinos Sotiriou;D (C);29;€35K;PKO BP Ekstraklasa;Poland;2.9;12.5;20%;0.1;0%;0;0.0;0.1;0.1;88%;3.8;0;0.9;3.7;1.1;0.5;0.1;0.2;0;41.6;1.9;3.9;0.1;0.2;6;0.0;0.8;0.7;0.4;0.0;10.2;0.1;5.9;0.0;0.0;3.3;0.1;0.0;0;1.3;57;-1.32;9;0.1;0;1106
Mikkel Kirkeskov;D (LC), WB (L);34;€0 - €90K;Bundesliga 2;Germany;3.0;9.1;33%;0.2;17%;0;0.0;0.9;0.3;89%;15.6;0;1.0;7.4;2.1;2.3;0.0;0.1;0;57.4;7.9;15.2;0.9;0.7;66;0.5;0.2;0.2;0.7;0.0;11.2;0.0;3.4;0.2;2.4;2.0;0.1;4.2;17;0.4;60;0.17;83;0.0;0;2605
Bjarke Jacobsen;D (C), DM, M (C);32;Not for Sale;3. Liga;Germany;3.3;10.2;30%;0.1;0%;0;0.0;0.7;0.0;90%;6.8;0;1.1;6.6;1.7;1.0;1.1;0.4;0;61.7;5.6;16.0;0.7;0.3;30;0.1;1.4;0.4;0.6;0.0;12.0;0.0;4.7;0.0;0.4;3.4;0.1;0.4;18;1.4;72;-1.2;49;0.0;0;2640
Fredrik Carlsen;DM, M/AM (LC);24;€30K - €325K;3. Liga;Germany;1.5;5.1;44%;0.0;11%;0;0.0;1.3;0.4;89%;9.3;0;0.6;7.0;1.5;0.9;0.7;0.9;0;58.1;6.2;13.6;1.4;1.0;12;0.2;2.0;0.1;0.1;0.2;12.3;0.2;3.6;0.1;0.9;1.6;0.1;2.0;14;0.1;45;-0.06;25;0.2;0;1228
Toni Stahl;GK;26;€28K - €275K;3. Liga;Germany;0.8;10.5;0%;0.1;0%;74;-0.2;0.0;0.0;68%;12.1;-8.58;7.1;0.0;0.0;0.0;0.0;0.0;85;22.8;0.8;0.1;0.0;0.0;1;0.0;0.0;0.0;0.0;0.0;4.3;0.0;0.0;0.0;0.0;0.0;0.0;0.0;0;0.0;0;0;7;0.0;68;3240
Martin Männel;GK;38;€0;3. Liga;Germany;0.5;8.7;0%;0.0;0%;75;-0.1;0.0;0.0;64%;11.3;-3.53;5.3;0.0;0.0;0.1;0.0;0.0;84;23.3;1.5;0.1;0.0;0.0;2;0.0;0.0;0.0;0.0;0.0;6.5;0.0;0.0;0.0;0.0;0.0;0.0;0.0;0;0.0;0;0;7;0.0;51;3150
Dennis Chessa;M (R), AM (RC);33;€5K - €18K;3. Liga;Germany;3.3;8.1;47%;0.0;10%;0;0.0;1.6;0.4;87%;14.1;0;0.6;10.2;2.5;2.1;1.0;1.0;0;48.5;3.7;21.3;1.9;4.0;57;0.4;2.1;0.0;0.4;0.2;13.2;0.2;4.0;0.2;2.8;1.3;0.3;5.6;10;0.0;33;0.58;74;0.2;0;2498
Florian Riedel;D/WB/M/AM (R);36;€0;3. Liga;Germany;3.1;9.9;27%;0.1;3%;0;0.0;1.6;0.3;82%;15.3;0;1.1;12.7;2.9;1.9;1.0;0.3;0;45.0;6.2;26.9;1.6;2.6;48;1.1;1.2;0.5;1.1;0.0;13.0;0.1;2.8;0.1;7.2;1.3;0.2;7.4;14;0.3;46;-0.44;77;0.1;0;2238
Thodoros Tsirigotis;ST (C);25;€40K - €375K;PKO BP Ekstraklasa;Poland;0.5;1.4;28%;0.1;7%;0;0.0;1.1;0.0;89%;21.2;0;0.0;1.8;0.7;0.2;1.1;1.0;0;27.1;0.8;5.2;1.1;0.4;3;0.1;3.5;0.0;0.0;0.2;10.1;0.4;7.9;0.1;0.4;2.9;0.1;0.4;20;0.0;36;-2.03;4;0.4;0;1191
Jorrit Hendrix;DM, M (C);31;€55K - €550K;Bundesliga 2;Germany;1.4;12.3;48%;0.0;14%;0;0.0;0.3;0.3;94%;9.6;0;0.1;3.1;0.8;0.7;0.3;0.4;0;24.7;2.8;5.4;0.3;0.0;17;0.0;0.9;0.1;0.1;0.1;5.3;0.1;2.0;0.2;0.0;0.9;0.1;0.6;21;0.2;45;1.38;20;0.1;0;2132
Jordy de Wijs;D (C);31;€2.5K - €24K;Bundesliga 2;Germany;3.1;11.7;9%;0.1;0%;0;0.0;0.1;0.0;90%;3.7;0;1.4;2.9;0.9;0.6;0.0;0.0;0;41.3;1.6;3.7;0.2;0.0;16;0.0;0.4;0.8;0.8;0.0;9.8;0.0;5.6;0.0;0.0;4.1;0.0;0.0;0;1.3;74;-1.2;18;0.0;0;2268
Thijmen Nijhuis;GK;27;€30K - €300K;3. Liga;Germany;0.9;11.1;0%;0.0;0%;75;-0.4;0.1;0.0;65%;13.0;-12.94;6.3;0.0;0.0;0.0;0.0;0.0;86;23.5;0.8;0.0;0.1;0.0;0;0.0;0.0;0.0;0.0;0.0;4.5;0.0;0.0;0.0;0.0;0.0;0.0;0.0;0;0.0;0;0;2;0.0;58;3180
Nikolas Agrafiotis;ST (C);26;€14K - €130K;3. Liga;Germany;1.9;4.2;45%;0.0;15%;0;0.0;1.2;0.3;87%;10.7;0;0.5;3.0;1.0;0.8;1.4;1.5;0;33.1;1.2;7.6;1.2;0.5;9;0.2;3.4;0.0;0.0;0.5;11.0;0.4;11.5;0.1;0.8;5.2;0.1;0.8;30;0.2;45;1.08;9;0.4;0;1063
Mouhamed Belkheir;AM (RLC), ST (C);27;€90K - €900K;Jupiler Pro League;Belgium;0.8;1.6;44%;0.0;22%;0;0.0;1.0;0.1;88%;23.0;0;0.2;1.3;0.7;0.2;0.5;0.8;0;26.5;0.8;5.7;1.0;0.8;5;0.1;1.7;0.0;0.2;0.4;10.3;0.2;8.4;0.1;0.4;1.3;0.1;0.4;25;0.1;16;5.12;6;0.2;0;2871
Soichiro Kozuki;M (R), AM (RC);25;€12K - €110K;3. Liga;Germany;1.8;6.4;40%;0.0;3%;0;0.0;2.4;0.8;88%;15.6;0;0.5;10.9;3.0;0.9;1.3;0.9;0;43.4;3.6;15.3;2.9;6.2;17;1.2;2.2;0.0;0.2;0.1;12.7;0.1;4.1;0.4;6.2;1.0;0.4;10.1;18;0.1;24;-1.71;26;0.1;0;1668
Tony Lesueur;WB (L), AM (RLC);25;€110K;3. Liga;Germany;1.8;5.9;52%;0.0;6%;0;0.0;1.3;0.4;90%;9.1;0;0.7;7.5;1.8;1.0;1.1;1.1;0;36.5;1.9;15.1;1.7;2.6;15;0.5;2.0;0.3;0.4;0.1;12.5;0.2;4.4;0.1;2.4;0.7;0.2;4.8;13;0.0;15;-0.93;19;0.2;0;1363
Adrien Lebeau;AM (LC), ST (C);26;€85K - €250K;3. Liga;Germany;1.6;4.3;41%;0.0;8%;0;0.0;1.4;0.5;87%;10.7;0;0.3;5.4;1.5;0.6;1.4;1.0;0;42.4;2.7;12.0;2.1;1.9;19;0.5;2.5;0.2;0.3;0.2;12.6;0.2;4.9;0.2;1.6;0.3;0.3;5.2;20;0.0;6;-1.76;29;0.2;0;2839
Bryan Soumaré;M/AM (RC);27;€90K;Jupiler Pro League;Belgium;1.5;8.7;29%;0.0;0%;0;0.0;1.0;0.1;89%;24.4;0;0.2;5.1;1.0;0.4;0.7;0.4;0;40.8;1.6;11.1;1.0;1.2;6;0.1;1.6;0.0;0.3;0.0;11.9;0.1;3.3;0.1;1.0;0.3;0.0;11.0;19;0.0;9;-2.01;7;0.1;0;1213
Maxence Maisonneuve;D (C);27;€0 - €22K;Jupiler Pro League;Belgium;2.2;14.4;0%;0.1;0%;0;0.0;0.2;0.1;91%;4.1;0;1.2;2.4;0.6;0.4;0.0;0.0;0;39.3;2.1;3.7;0.2;0.0;8;0.0;0.3;1.0;1.1;0.0;10.0;0.0;5.6;0.0;0.0;4.3;0.0;0.0;100;1.3;76;-0.65;12;0.0;0;1934
Vahan Bichakhchyan;M/AM (RC);26;€60K - €600K;PKO BP Ekstraklasa;Poland;1.8;5.5;38%;0.0;11%;0;0.0;1.9;0.4;88%;19.3;0;0.6;8.1;2.1;1.4;0.6;0.8;0;43.6;4.0;11.8;2.0;2.7;39;0.9;2.1;0.0;0.4;0.2;11.0;0.2;3.6;0.2;4.7;1.1;0.1;5.6;18;0.0;31;1.6;48;0.2;0;2556
František Plach;GK;34;€28K - €300K;PKO BP Ekstraklasa;Poland;0.0;3.1;0%;0.0;0%;69;0.1;0.0;0.0;75%;8.6;2.96;3.4;0.0;0.0;0.0;0.0;0.0;89;24.2;0.0;0.0;0.0;0.0;1;0.0;0.0;0.0;0.0;0.0;5.0;0.0;0.0;0.0;0.0;0.0;0.0;0.0;0;0.0;0;0;3;0.0;40;2880
Nono;DM, M/AM (C);34;€0;PKO BP Ekstraklasa;Poland;2.7;7.0;38%;0.1;25%;0;0.0;0.9;0.2;89%;7.6;0;0.7;5.6;1.5;0.9;0.3;0.2;0;50.5;5.0;10.2;0.9;0.1;11;0.0;0.7;0.1;0.6;0.2;11.2;0.0;1.1;0.1;0.1;0.7;0.2;0.1;0;0.0;62;1.41;17;0.0;0;1090
Sergi Samper;DM, M (C);31;€1K - €12K;PKO BP Ekstraklasa;Poland;1.9;9.4;18%;0.1;9%;0;0.0;0.9;0.2;90%;8.0;0;0.5;4.8;1.5;0.9;0.1;0.2;0;36.4;3.6;6.8;0.9;0.0;11;0.0;0.9;0.0;0.2;0.1;7.7;0.2;1.5;0.3;0.1;0.3;0.1;0.1;0;0.2;21;-1.19;19;0.2;0;1163
Adrián Dalmau;ST (C);32;€120K;PKO BP Ekstraklasa;Poland;0.8;1.9;35%;0.0;21%;0;0.0;0.7;0.0;89%;25.3;0;0.2;2.2;0.6;0.3;0.5;0.8;0;24.8;0.5;7.7;0.7;0.7;4;0.1;2.3;0.0;0.1;0.5;10.5;0.3;7.7;0.0;0.4;1.8;0.0;0.4;33;0.1;24;2.15;5;0.3;0;1338
Ibán Salvador;AM (RC), ST (C);30;€500 - €5K;PKO BP Ekstraklasa;Poland;1.8;4.2;28%;0.0;0%;0;0.0;1.6;0.1;93%;17.8;0;0.2;9.0;2.0;1.2;0.2;0.4;0;40.4;3.4;11.3;1.6;3.7;22;0.7;1.6;0.0;0.2;0.0;10.8;0.2;3.9;0.0;4.8;1.0;0.1;5.9;13;0.1;25;-3.66;27;0.2;0;1602
Marc Navarro;D/WB/M (R);30;€475K - €1.6M;PKO BP Ekstraklasa;Poland;3.7;10.1;23%;0.0;15%;0;0.0;1.1;0.1;86%;17.2;0;0.9;8.8;1.7;1.9;0.1;0.1;0;49.9;5.3;18.8;1.3;1.8;54;0.7;0.4;0.3;0.4;0.1;11.9;0.0;4.0;0.1;5.4;2.2;0.1;5.4;13;0.4;56;1.21;71;0.0;0;2612
Ángel Baena;AM (RL), ST (C);25;€110K - €375K;PKO BP Ekstraklasa;Poland;1.5;4.1;25%;0.1;0%;0;0.0;2.5;0.0;88%;18.4;0;0.8;8.0;1.9;1.6;0.2;0.4;0;43.3;3.8;11.5;2.5;3.2;21;0.8;1.5;0.0;0.4;0.0;11.2;0.2;3.5;0.0;4.7;0.6;0.2;4.7;16;0.0;17;-3.17;22;0.2;0;1194
Mason Toye;AM (RL), ST (C);27;€16K - €170K;3. Liga;Germany;0.7;2.2;55%;0.0;15%;0;0.0;0.7;0.4;87%;5.5;0;0.5;3.4;1.0;0.5;0.6;1.3;0;22.8;0.6;5.4;0.7;0.9;11;0.3;2.5;0.2;0.2;0.4;11.1;0.4;8.0;0.1;0.6;2.9;0.0;0.6;42;0.1;36;-0.96;16;0.4;0;1943
Donovan Pines;D (C);28;€0 - €90K;Premier Division;Austria;2.8;12.6;21%;0.2;0%;0;0.0;0.2;0.0;87%;3.9;0;1.2;2.4;1.0;0.6;0.1;0.2;0;41.5;2.4;3.1;0.2;0.0;16;0.0;0.7;0.4;0.7;0.0;9.5;0.1;5.4;0.0;0.0;4.1;0.0;0.0;0;1.0;76;-1.81;20;0.1;0;2320
Masca;ST (C);26;€9K - €95K;3. Liga;Germany;0.9;3.0;51%;0.0;10%;0;0.0;1.7;0.5;91%;5.2;0;0.2;4.0;1.1;0.4;1.0;1.3;0;23.5;1.2;7.1;1.7;0.6;9;0.3;2.6;0.0;0.1;0.3;11.6;0.4;11.0;0.2;1.2;1.5;0.1;1.5;18;0.0;14;-2.57;10;0.4;0;2038
Zé Uilton;AM (RL);33;€20K - €210K;PKO BP Ekstraklasa;Poland;1.6;3.5;33%;0.0;13%;0;0.0;2.1;0.1;86%;22.5;0;0.6;9.5;2.4;1.7;0.5;0.5;0;41.6;4.5;13.5;2.1;4.4;26;0.6;1.6;0.0;0.2;0.2;11.2;0.1;3.3;0.1;4.3;0.5;0.0;4.3;13;0.1;16;0.71;33;0.1;0;1375
Kenan Fatkić;DM, M (C);28;€190K - €650K;3. Liga;Germany;3.4;9.5;35%;0.1;13%;0;0.0;1.4;0.1;89%;9.8;0;1.0;8.7;2.8;1.4;0.6;0.3;0;81.7;9.3;19.7;1.4;0.3;39;0.1;0.8;0.4;0.6;0.1;12.6;0.1;2.7;0.1;0.3;1.8;0.1;0.4;27;0.1;64;1.56;62;0.1;0;2491
Nico Maier;M/AM (RLC);25;€400K - €1.4M;Premier Division;Austria;1.8;3.8;20%;0.0;3%;0;0.0;1.9;0.2;88%;19.0;0;0.3;8.5;2.1;1.4;0.5;0.3;0;44.0;3.3;12.2;1.9;3.5;35;1.0;1.4;0.0;0.2;0.0;11.4;0.1;3.4;0.1;3.6;0.4;0.1;5.8;22;0.0;13;-2.74;53;0.1;0;2295
Markus Ponath;GK;25;€95K - €325K;3. Liga;Germany;0.7;10.3;0%;0.1;0%;75;-0.2;0.0;0.0;85%;6.5;-7.39;4.6;0.0;0.0;0.0;0.0;0.0;86;23.1;0.9;0.0;0.0;0.0;0;0.0;0.0;0.0;0.0;0.0;5.3;0.0;0.0;0.0;0.0;0.0;0.0;0.0;0;0.0;0;0;1;0.0;48;3060
Andreas Voglsammer;AM (LC), ST (C);34;€0 - €100K;3. Liga;Germany;1.8;3.7;48%;0.0;21%;0;0.0;1.2;0.4;90%;6.9;0;0.3;3.8;1.0;0.9;0.7;1.1;0;28.8;1.1;14.6;1.2;0.4;11;0.0;2.4;0.2;0.2;0.5;12.6;0.4;8.3;0.1;0.3;1.9;0.3;0.3;0;0.0;23;-0.19;11;0.5;0;1110
Calogero Rizzuto;D/WB/M (RL);34;Not for Sale;3. Liga;Germany;4.1;12.7;19%;0.1;0%;0;0.0;1.2;0.4;88%;11.8;0;0.7;7.3;1.9;1.9;0.6;0.1;0;59.4;9.4;18.7;1.2;1.0;59;0.6;0.7;0.2;0.5;0.0;12.9;0.0;5.3;0.1;4.0;2.8;0.1;4.0;14;0.2;53;-0.71;72;0.0;0;2737
Johannes Geis;DM, M/AM (C);32;€3K - €30K;3. Liga;Germany;3.2;8.1;42%;0.1;0%;0;0.0;1.0;0.1;86%;12.7;0;1.0;5.6;1.5;1.3;0.7;0.3;0;64.7;6.6;20.7;1.9;0.2;32;0.2;0.8;0.4;0.6;0.0;12.1;0.0;2.2;0.1;0.4;1.2;0.0;6.7;13;0.5;56;-0.5;43;0.0;0;2260
Florian Stritzel;GK;32;€30K - €300K;3. Liga;Germany;0.1;7.4;0%;0.0;0%;80;0.0;0.0;0.0;71%;8.9;0.38;3.9;0.0;0.0;0.1;0.0;0.0;85;20.4;0.9;0.1;0.0;0.0;1;0.0;0.0;0.0;0.0;0.0;4.4;0.0;0.0;0.0;0.0;0.0;0.0;0.0;0;0.0;0;0;1;0.0;16;1235
Danilo Wiebe;D (RC), DM;32;Not for Sale;3. Liga;Germany;3.2;9.7;27%;0.2;2%;0;0.0;1.0;0.0;91%;5.9;0;1.4;7.6;2.0;1.9;1.2;0.4;0;55.0;5.8;12.8;1.0;0.3;58;0.0;1.4;0.3;0.4;0.0;12.4;0.0;3.4;0.0;0.2;1.6;0.0;0.2;16;0.3;48;-0.38;76;0.0;0;2815
Antonio Čolak;ST (C);32;€60K;PKO BP Ekstraklasa;Poland;0.7;1.8;54%;0.0;19%;0;0.0;0.9;0.2;91%;21.8;0;0.1;1.3;0.6;0.1;0.9;1.5;0;24.9;0.7;5.6;0.9;0.5;1;0.1;2.7;0.0;0.2;0.5;10.3;0.3;9.0;0.1;0.3;4.2;0.1;0.3;16;0.2;47;4;6;0.3;0;1783
Klaus Gjasula;D (C), DM;36;Not for Sale;3. Liga;Germany;3.9;9.4;36%;0.1;3%;0;0.0;0.7;0.1;90%;5.8;0;0.9;6.0;1.6;1.1;0.9;0.4;0;54.6;5.5;13.1;0.7;0.1;31;0.0;1.1;0.7;1.0;0.0;12.2;0.1;3.7;0.0;0.1;2.2;0.0;0.1;0;0.5;59;-0.55;58;0.1;0;2627
Benjamin Uphoff;GK;32;€45K - €450K;3. Liga;Germany;0.7;9.7;0%;0.0;0%;78;-0.1;0.0;0.0;73%;10.1;-2.49;6.2;0.0;0.0;0.0;0.0;0.0;88;19.8;1.0;0.0;0.0;0.0;0;0.0;0.0;0.0;0.0;0.0;4.3;0.0;0.0;0.0;0.0;0.0;0.0;0.0;0;0.0;0;0;0;0.0;39;2970
Rico Preißinger;DM, M (C);29;€0 - €60K;Bundesliga 2;Germany;0.7;9.6;60%;0.0;60%;0;0.0;0.5;0.6;95%;12.5;0;0.3;2.0;0.3;0.1;0.2;0.2;0;13.2;1.1;2.8;0.5;0.0;1;0.0;0.4;0.1;0.2;0.2;2.8;0.0;0.5;0.2;0.0;0.4;0.2;0.0;0;0.1;83;2.42;4;0.0;0;1112
Maurice Multhaup;WB/M (R), AM (RL);29;€10K - €35K;3. Liga;Germany;1.4;5.9;38%;0.0;0%;0;0.0;1.3;0.3;90%;15.1;0;0.6;12.3;2.5;1.0;0.6;0.5;0;41.9;2.8;18.6;1.6;4.0;13;0.7;1.3;0.2;0.5;0.0;13.1;0.1;2.9;0.1;6.3;0.4;0.0;9.8;9;0.0;14;-1.35;23;0.1;0;1137
Christian Kühlwetter;DM, M/AM (C), ST (C);30;€30K - €110K;3. Liga;Germany;2.2;5.9;43%;0.0;14%;0;0.0;1.3;0.1;91%;6.6;0;0.4;6.6;1.6;1.2;1.4;0.9;0;44.3;3.8;15.3;1.3;0.7;26;0.1;2.1;0.5;0.5;0.3;11.6;0.2;3.4;0.1;0.7;1.2;0.1;0.7;13;0.0;36;1.09;44;0.2;0;1880
Dominik Draband;GK;30;€0 - €7K;3. Liga;Germany;0.3;11.0;0%;0.0;0%;79;-0.2;0.1;0.0;82%;6.8;-2.76;3.4;0.0;0.0;0.0;0.0;0.0;88;28.2;1.8;0.1;0.1;0.0;0;0.0;0.0;0.0;0.0;0.0;4.1;0.0;0.0;0.0;0.0;0.0;0.1;0.0;0;0.0;0;0;2;0.0;15;1080
Jonathan Scherzer;D (LC), WB (L), DM;30;€22K - €75K;Premier Division;Austria;3.8;10.2;0%;0.0;0%;0;0.0;0.5;0.2;92%;7.0;0;1.5;3.4;0.8;0.5;0.1;0.0;0;44.7;2.0;8.3;0.5;0.3;6;0.2;0.3;0.7;1.0;0.0;10.4;0.0;3.5;0.1;1.0;1.7;0.0;1.0;16;0.3;50;-0.29;9;0.0;0;1032
Luca Schnellbacher;AM (L), ST (C);32;€80K;Bundesliga 2;Germany;0.5;1.9;54%;0.0;13%;0;0.0;1.2;0.4;90%;18.0;0;0.2;1.4;0.8;0.3;0.6;1.5;0;26.9;1.1;5.4;1.2;0.5;5;0.2;2.8;0.0;0.1;0.4;10.2;0.3;7.7;0.1;0.6;2.8;0.1;0.6;40;0.1;36;0.18;8;0.3;0;1531
Jonas Arweiler;AM (L), ST (C);29;€18K - €60K;3. Liga;Germany;0.8;2.8;52%;0.0;19%;0;0.0;1.2;0.5;88%;8.4;0;0.2;3.5;0.7;0.7;0.9;1.5;0;37.4;1.3;9.9;1.2;0.9;25;0.3;2.8;0.1;0.3;0.5;11.4;0.4;9.9;0.2;1.3;4.0;0.1;1.3;26;0.1;41;5.26;33;0.4;0;3368
Axel Borgmann;D/WB (L), M (C);31;€10K - €35K;3. Liga;Germany;3.6;11.9;43%;0.0;9%;0;0.0;1.6;0.5;87%;16.4;0;0.9;9.2;2.6;2.0;0.4;0.3;0;65.7;9.9;25.5;1.8;2.0;75;1.4;0.6;0.3;0.6;0.1;13.4;0.0;4.2;0.2;6.7;2.1;0.2;7.9;18;0.2;49;0.9;108;0.0;0;3340
Marvin Schulz;D (C), DM, M (C);31;€60K - €600K;Bundesliga 2;Germany;0.0;9.4;22%;0.0;0%;0;0.0;0.1;0.2;100%;14.3;0;0.0;0.0;0.0;0.0;0.2;0.1;0;0.1;0.0;0.0;0.1;0.0;0;0.0;0.5;0.0;0.0;0.0;0.0;0.0;0.0;0.1;0.0;0.0;0.1;0.9;16;0.0;0;-0.75;0;0.0;0;1746
Patrick Kammerbauer;D/WB (R);29;€75K - €750K;3. Liga;Germany;3.9;11.2;43%;0.1;7%;0;0.0;1.7;0.5;84%;17.5;0;1.1;10.8;2.9;1.9;1.2;0.7;0;48.3;6.2;24.7;1.9;2.1;49;1.2;1.6;0.3;0.8;0.1;13.0;0.1;3.5;0.2;8.7;1.6;0.2;10.4;14;0.3;46;1.12;79;0.1;0;2368
Christian Ortag;GK;31;€80K - €800K;3. Liga;Germany;0.5;9.1;0%;0.0;0%;75;-0.2;0.0;0.0;61%;12.5;-5.32;4.6;0.0;0.0;0.0;0.0;0.0;86;23.2;1.0;0.1;0.0;0.0;0;0.0;0.0;0.0;0.0;0.0;5.2;0.0;0.0;0.0;0.0;0.0;0.0;0.0;0;0.0;0;0;6;0.0;44;3060
Lukas Klünter;D (RC), WB (R);29;€200K - €650K;3. Liga;Germany;3.5;12.7;50%;0.1;7%;0;0.0;1.5;0.3;81%;18.8;0;1.4;10.7;3.1;2.1;0.5;0.5;0;50.8;7.8;21.2;1.5;2.8;67;0.8;0.9;0.2;0.6;0.1;13.4;0.1;5.2;0.1;7.6;3.3;0.1;7.6;10;0.5;64;-0.22;83;0.1;0;2856
Kasim Rabihić;M/AM (RC), ST (C);33;€1K - €8K;3. Liga;Germany;1.3;3.0;43%;0.0;14%;0;0.0;1.7;0.5;88%;9.9;0;0.2;3.2;1.1;0.2;1.2;1.1;0;43.7;2.8;6.5;2.0;2.0;7;0.2;2.6;0.1;0.2;0.4;12.1;0.4;4.1;0.2;1.0;0.7;0.2;3.7;11;0.0;18;-0.49;11;0.4;0;2710
Niko Kijewski;D (LC), WB (L);30;€45K - €425K;3. Liga;Germany;3.7;12.5;42%;0.2;0%;0;0.0;1.6;0.3;81%;20.2;0;1.4;8.9;2.4;2.1;0.8;0.3;0;57.1;9.0;25.3;2.1;2.0;79;1.2;0.8;0.3;1.1;0.0;13.2;0.0;4.1;0.2;7.5;2.7;0.3;11.3;14;0.6;66;-0.82;117;0.0;0;3439
Erik Engelhardt;AM (LC), ST (C);28;€240K - €2.4M;3. Liga;Germany;1.5;4.2;49%;0.0;16%;0;0.0;1.2;0.7;89%;8.4;0;0.5;3.2;0.8;0.9;0.7;1.3;0;43.6;1.2;18.3;1.2;1.1;33;0.5;2.6;0.0;0.0;0.4;13.1;0.3;11.2;0.3;1.8;3.9;0.3;1.8;25;0.1;35;1.46;49;0.4;0;3465
Tolcay Ciğerci;M (C), AM (RC);31;Not for Sale;3. Liga;Germany;1.1;4.8;57%;0.0;17%;0;0.0;1.4;0.7;87%;11.1;0;0.4;6.0;1.7;1.0;1.2;1.2;0;41.0;2.8;15.1;2.2;0.4;30;0.3;2.2;0.2;0.2;0.4;12.6;0.2;3.0;0.2;1.0;1.0;0.2;7.5;12;0.0;33;3.24;39;0.3;0;2624
Christoph Greger;D (C), DM;29;€7K - €70K;3. Liga;Germany;4.2;12.2;57%;0.1;0%;0;0.0;0.2;0.0;90%;5.8;0;1.3;2.3;0.7;0.4;0.0;0.1;0;46.0;3.0;5.6;0.3;0.1;17;0.1;0.2;0.9;0.9;0.0;10.4;0.0;6.7;0.0;0.1;5.5;0.0;0.9;17;1.8;82;-0.33;23;0.0;0;3540
Bryan Henning;DM, M/AM (C);31;Not for Sale;3. Liga;Germany;2.3;7.3;39%;0.0;7%;0;0.0;1.1;0.3;91%;6.1;0;0.8;6.2;1.8;0.9;1.2;0.6;0;50.1;5.1;11.2;1.1;0.7;25;0.1;1.6;0.3;0.3;0.1;12.3;0.1;2.3;0.1;0.5;0.4;0.1;0.8;22;0.1;16;-0.03;33;0.1;0;2452
Cedric Harenbrock;M (C), AM (LC);28;€500 - €7K;3. Liga;Germany;1.8;5.2;41%;0.2;15%;0;0.0;1.3;0.4;87%;11.2;0;0.3;6.5;1.8;1.0;0.5;0.7;0;51.9;4.3;15.0;1.7;1.8;20;0.6;1.7;0.1;0.2;0.3;12.8;0.2;5.4;0.1;2.2;1.5;0.1;4.1;21;0.0;27;0.25;29;0.2;0;1775
Julius Düker;DM, M/AM (C), ST (C);30;€1K - €12K;3. Liga;Germany;2.9;8.2;40%;0.0;12%;0;0.0;1.2;0.2;88%;7.3;0;0.8;8.6;2.1;1.5;0.8;0.5;0;52.0;5.9;13.6;1.2;0.6;52;0.2;1.2;0.1;0.3;0.1;12.1;0.1;2.7;0.1;0.7;1.1;0.0;0.7;30;0.1;41;2.15;80;0.1;0;3184
Marvin Mehlem;DM, M/AM (C);28;€160K - €1.6M;Bundesliga 2;Germany;0.1;9.0;31%;0.0;3%;0;0.0;0.0;0.0;87%;14.6;0;0.0;0.3;0.0;0.0;0.7;0.7;0;1.5;0.1;0.5;0.0;0.1;0;0.0;2.1;0.0;0.0;0.1;0.5;0.3;0.1;0.0;0.0;0.1;0.0;0.0;0;0.0;100;-3.35;0;0.3;0;1364
Gino Fechner;D (RC), WB (R), DM, M (C);28;€14K - €130K;3. Liga;Germany;3.2;9.8;22%;0.1;6%;0;0.0;0.8;0.1;88%;8.5;0;0.9;8.0;2.1;1.5;1.0;0.2;0;54.5;4.9;14.0;0.9;0.3;48;0.3;1.1;0.4;0.6;0.1;12.3;0.1;3.1;0.0;1.3;1.8;0.1;1.8;21;0.2;58;0.32;61;0.1;0;2882
Dominik Pelivan;D (C), DM;29;€140K - €500K;3. Liga;Germany;2.3;8.2;22%;0.1;0%;0;0.0;0.5;0.1;92%;4.2;0;1.0;6.2;1.7;1.5;0.3;0.1;0;44.1;4.5;11.7;0.5;0.1;49;0.0;0.3;0.2;0.6;0.0;12.3;0.0;2.9;0.0;0.0;1.7;0.1;0.1;0;0.2;59;-0.17;58;0.0;0;2858
Marcel Bär;ST (C);33;€0;3. Liga;Germany;0.8;2.0;45%;0.0;5%;0;0.0;0.8;0.1;88%;6.9;0;0.1;3.0;0.7;0.1;0.3;0.6;0;33.7;1.8;7.2;0.8;0.5;1;0.0;1.3;0.1;0.1;0.1;11.4;0.2;8.9;0.1;0.4;2.3;0.1;0.6;0;0.4;26;-2.18;3;0.2;0;1421
Tim Sechelmann;D (LC), DM;27;€45K - €425K;3. Liga;Germany;3.4;10.3;38%;0.1;13%;0;0.0;0.4;0.0;91%;4.7;0;1.1;3.1;0.9;0.6;0.3;0.2;0;50.8;3.5;8.0;0.5;0.0;18;0.0;0.5;0.5;0.7;0.1;10.6;0.0;5.6;0.0;0.0;3.3;0.0;0.2;16;0.4;58;1.21;27;0.0;0;2875
Mika Hanraths;D (C);26;€65K - €650K;3. Liga;Germany;3.8;12.6;50%;0.2;25%;0;0.0;0.3;0.0;86%;8.1;0;1.7;2.7;0.9;0.5;0.0;0.1;0;51.9;3.0;6.9;0.3;0.0;18;0.0;0.2;0.6;0.7;0.1;10.5;0.0;6.9;0.0;0.1;5.1;0.0;0.1;50;1.2;74;0.81;26;0.0;0;3330
Sven Sonnenberg;D (C);27;€20K - €200K;3. Liga;Germany;3.6;11.8;31%;0.1;0%;0;0.0;0.2;0.0;91%;4.9;0;1.1;1.6;0.5;0.5;0.0;0.1;0;49.7;2.6;4.6;0.2;0.0;22;0.0;0.3;0.6;0.6;0.0;10.2;0.0;7.4;0.0;0.0;5.2;0.0;0.0;100;1.1;70;-1.18;29;0.0;0;3750
Florian Krüger;ST (C);27;€20K - €210K;3. Liga;Germany;1.0;3.0;63%;0.0;31%;0;0.0;1.6;0.4;87%;6.3;0;0.1;3.1;0.4;0.1;1.1;1.5;0;27.9;1.4;7.3;1.6;0.8;2;0.3;2.3;0.1;0.1;0.7;11.5;0.5;9.3;0.2;0.6;2.3;0.2;0.6;50;0.1;25;3.56;7;0.5;0;1229
Yari Otto;M/AM (C), ST (C);26;€55K - €550K;3. Liga;Germany;2.1;9.1;22%;0.0;2%;0;0.0;0.9;0.2;90%;7.0;0;0.5;8.6;2.3;1.6;1.1;0.3;0;54.3;6.5;10.6;0.9;0.3;50;0.2;1.4;0.3;0.6;0.0;10.6;0.1;1.7;0.1;0.6;0.7;0.2;0.6;25;0.1;44;-1.32;62;0.1;0;2887
Manuel Wintzheimer;AM (RL), ST (C);27;€6K - €60K;3. Liga;Germany;1.0;3.2;54%;0.0;23%;0;0.0;1.0;0.2;88%;9.4;0;0.6;6.5;1.2;0.9;0.9;1.1;0;29.6;1.5;11.1;1.1;1.9;24;0.3;2.1;0.1;0.1;0.5;12.0;0.3;6.3;0.1;3.0;1.0;0.0;3.4;9;0.0;16;1.57;34;0.4;0;2458
Noah Plume;D (C), DM;29;€0 - €40K;3. Liga;Germany;3.1;7.7;17%;0.2;0%;0;0.0;0.1;0.0;87%;4.4;0;1.1;3.0;0.9;1.1;0.1;0.0;0;31.8;2.0;3.9;0.2;0.0;27;0.0;0.2;0.5;0.5;0.0;9.9;0.0;3.7;0.0;0.0;2.1;0.0;0.1;50;0.2;57;-0.24;30;0.0;0;2308
Joshua Bitter;D (RC), DM;29;€9K - €30K;3. Liga;Germany;3.0;10.5;33%;0.2;7%;0;0.0;0.9;0.4;88%;10.6;0;0.8;4.7;1.1;1.6;0.5;0.3;0;54.9;8.0;14.4;0.9;1.0;30;0.7;0.8;0.2;0.4;0.1;12.3;0.1;4.1;0.2;3.9;2.0;0.2;3.9;18;0.2;48;-0.54;42;0.1;0;1658
David Otto;AM (RL), ST (C);27;€65K - €650K;3. Liga;Germany;0.9;2.4;48%;0.0;22%;0;0.0;0.9;0.3;88%;5.9;0;0.3;2.3;0.7;0.2;1.0;1.2;0;30.2;0.7;6.4;0.9;0.5;7;0.1;2.5;0.1;0.1;0.5;11.1;0.4;9.2;0.1;0.6;2.6;0.2;0.6;21;0.1;28;4.88;13;0.4;0;3232
Philipp Hercher;D/WB/M/AM (R);30;€12K - €40K;3. Liga;Germany;3.8;9.9;42%;0.2;5%;0;0.0;2.2;0.5;84%;20.0;0;0.9;8.1;2.2;2.4;0.7;0.5;0;46.1;3.3;27.2;2.2;3.5;35;1.5;1.3;0.3;0.7;0.1;13.3;0.1;2.8;0.2;12.4;1.8;0.3;12.4;12;0.8;66;-0.22;39;0.1;0;1323
Tobias Raschl;DM, M/AM (C);26;€28K - €300K;Bundesliga 2;Germany;0.0;10.8;42%;0.0;16%;0;0.0;0.2;0.4;0%;13.3;0;0.0;0.0;0.0;0.0;0.1;0.4;0;0.0;0.0;0.0;0.2;0.0;0;0.0;0.9;0.0;0.0;0.1;0.0;0.1;0.0;0.1;0.0;0.0;0.2;1.0;28;0.0;0;1.09;0;0.1;0;1881
Dennis Jastrzembski;M/AM (L);26;€0 - €90K;3. Liga;Germany;2.8;6.8;49%;0.0;4%;0;0.0;2.4;0.6;88%;18.4;0;1.1;9.6;2.5;1.8;1.0;0.9;0;39.7;3.7;13.9;2.6;5.7;48;1.5;1.8;0.0;0.1;0.1;12.8;0.1;3.7;0.3;8.7;1.0;0.2;9.0;17;0.0;28;-1.21;60;0.1;0;2408
Erik Majetschak;D (C), DM, M (C);26;€90K - €300K;3. Liga;Germany;3.4;10.6;41%;0.3;9%;0;0.0;0.8;0.1;89%;7.1;0;0.9;5.8;1.5;1.0;0.4;0.3;0;60.9;5.6;12.9;0.8;0.2;33;0.0;0.7;0.3;0.5;0.1;11.8;0.1;3.7;0.0;0.1;2.0;0.0;0.2;0;0.2;54;0.18;55;0.1;0;2949
Eric Hottmann;AM (R), ST (C);26;€85K - €850K;3. Liga;Germany;0.9;2.5;57%;0.0;19%;0;0.0;1.6;0.6;87%;8.2;0;0.2;2.4;0.6;0.2;0.6;1.4;0;39.2;1.5;8.9;1.6;1.3;4;0.4;2.4;0.2;0.4;0.5;11.3;0.3;8.9;0.2;1.4;3.7;0.3;1.4;29;0.3;41;1.36;8;0.4;0;1593
Simon Lorenz;D (C), DM;29;€160K - €550K;3. Liga;Germany;3.6;10.1;50%;0.1;25%;0;0.0;0.1;0.1;93%;3.7;0;0.8;2.0;0.5;0.4;0.0;0.1;0;46.4;2.9;5.9;0.1;0.1;15;0.0;0.1;0.3;0.4;0.0;10.2;0.0;4.4;0.0;0.0;2.5;0.1;0.0;0;0.2;57;0.55;19;0.0;0;3467
Maximilian Thalhammer;D (C), DM, M/AM (C);28;€35K - €375K;3. Liga;Germany;2.9;9.4;14%;0.1;0%;0;0.0;1.0;0.1;88%;7.3;0;0.8;9.5;2.4;1.8;1.0;0.2;0;53.9;5.3;13.4;1.0;0.2;34;0.1;1.1;0.4;0.5;0.0;12.5;0.0;3.5;0.1;0.2;1.7;0.1;0.2;25;0.3;49;-0.53;42;0.0;0;1721
Nader Jindaoui;M (R), AM (RL);29;€14K - €130K;3. Liga;Germany;1.8;5.5;41%;0.1;3%;0;0.0;1.5;0.7;87%;15.9;0;0.5;9.2;1.9;1.2;1.0;0.7;0;44.1;5.2;16.4;1.6;5.7;22;1.0;1.6;0.2;0.7;0.1;11.9;0.1;2.7;0.2;3.8;0.2;0.2;5.8;19;0.1;8;-1.24;30;0.1;0;1637
Dennis Dressel;DM, M (C);27;€400K - €1.3M;3. Liga;Germany;3.5;10.1;40%;0.0;3%;0;0.0;0.8;0.1;90%;5.7;0;1.0;7.4;2.0;1.2;0.8;0.4;0;53.6;5.2;11.6;0.8;0.4;42;0.0;1.0;0.4;0.5;0.0;12.5;0.0;4.4;0.0;0.1;2.2;0.1;0.3;0;0.5;50;-0.43;54;0.0;0;3280
Adrian Fein;DM, M (C);27;€0 - €90K;3. Liga;Germany;2.0;6.6;25%;0.1;6%;0;0.0;0.9;0.2;88%;9.5;0;0.7;4.9;1.5;0.5;0.8;0.2;0;53.7;5.9;11.8;1.6;0.1;10;0.0;0.8;0.5;0.6;0.1;11.5;0.0;1.5;0.1;0.2;1.1;0.2;3.2;14;0.2;72;0.31;18;0.0;0;1717
Lars Dietz;D (C), DM;29;€65K - €650K;3. Liga;Germany;3.4;10.6;22%;0.1;11%;0;0.0;0.3;0.0;90%;5.2;0;1.6;2.8;0.7;0.6;0.1;0.1;0;46.6;4.0;6.3;0.3;0.0;16;0.0;0.3;0.6;0.8;0.0;10.8;0.0;4.9;0.0;0.1;3.0;0.0;0.1;0;0.7;62;-0.27;22;0.0;0;2573
Jakob Golz;GK;27;€170K - €600K;3. Liga;Germany;0.6;11.1;0%;0.0;0%;77;-0.2;0.1;0.0;72%;9.5;-6.01;3.0;0.0;0.0;0.1;0.0;0.0;88;27.3;1.2;0.1;0.1;0.0;3;0.0;0.0;0.0;0.0;0.0;6.7;0.0;0.0;0.0;0.0;0.0;0.0;0.0;0;0.0;0;0;4;0.0;53;3480
Dominik Becker;D (C);26;€6K - €20K;3. Liga;Germany;2.1;8.4;29%;0.0;0%;0;0.0;0.1;0.2;86%;5.4;0;1.5;2.2;0.3;0.1;0.0;0.2;0;40.6;1.7;3.8;0.1;0.0;1;0.0;0.6;0.4;0.9;0.0;9.8;0.1;4.7;0.0;0.1;2.9;0.0;0.1;0;0.2;60;-0.94;3;0.1;0;1100
Max Brandt;DM, M (C);24;€80K - €800K;3. Liga;Germany;2.4;8.2;46%;0.0;8%;0;0.0;1.4;0.4;89%;9.1;0;0.9;7.7;2.1;1.5;0.9;0.5;0;68.7;9.7;14.6;1.8;0.4;34;0.1;1.1;0.2;0.5;0.1;12.4;0.1;1.5;0.1;0.4;0.6;0.1;3.6;10;0.0;41;0.08;40;0.1;0;1986
Jonas Hofmann;D (R), DM, M (C);29;€18K - €180K;3. Liga;Germany;1.9;7.6;45%;0.1;11%;0;0.0;1.2;0.3;92%;7.3;0;0.7;8.8;2.1;2.1;1.0;0.7;0;67.1;8.0;14.3;1.2;0.7;73;0.3;1.6;0.2;0.4;0.2;12.1;0.2;2.1;0.2;0.7;0.5;0.1;0.7;45;0.0;26;0.52;93;0.2;0;3149
Jonas Scholz;D (LC);27;€45K - €450K;3. Liga;Germany;3.0;9.6;60%;0.2;20%;0;0.0;0.1;0.0;92%;5.2;0;1.5;2.0;0.6;0.4;0.1;0.2;0;53.8;3.2;6.8;0.1;0.0;14;0.0;0.3;0.6;0.7;0.1;10.2;0.0;5.6;0.0;0.2;4.3;0.0;0.2;0;0.9;78;1.2;22;0.0;0;3419
Jannik Oltrogge;D (R), DM, M (C);30;€500 - €3.5K;3. Liga;Germany;3.8;8.4;33%;0.0;0%;0;0.0;0.4;0.0;88%;4.5;0;0.8;2.7;1.1;0.8;0.2;0.1;0;32.9;3.2;13.2;0.4;0.1;9;0.0;0.3;0.6;0.7;0.0;11.9;0.0;2.9;0.0;0.1;1.6;0.0;0.1;0;0.3;56;-0.05;22;0.0;0;1050
Kevin Schumacher;D/WB/M/AM (L);28;€50K - €500K;3. Liga;Germany;3.3;9.9;42%;0.0;11%;0;0.0;2.3;0.8;83%;19.0;0;0.8;10.0;2.3;2.3;0.9;0.6;0;51.5;5.7;24.3;2.8;2.7;30;1.0;1.4;0.4;0.6;0.2;14.0;0.1;5.7;0.3;9.4;1.6;0.4;11.8;12;0.2;28;0.84;39;0.1;0;1191
Besfort Kolgeci;D (LC), DM;28;€0 - €30K;3. Liga;Germany;2.7;11.0;56%;0.1;0%;0;0.0;0.4;0.0;86%;7.7;0;1.1;2.4;0.8;0.6;0.0;0.1;0;47.3;4.8;8.2;0.4;0.2;21;0.0;0.2;0.4;0.6;0.0;10.3;0.0;5.7;0.0;0.1;4.3;0.0;1.0;5;1.1;76;-0.59;24;0.0;0;3240
Lucas Hermes;AM (RL), ST (C);26;€20K - €200K;3. Liga;Germany;1.4;3.9;51%;0.0;23%;0;0.0;1.7;0.6;89%;10.5;0;0.1;5.0;1.4;1.1;0.8;1.5;0;34.9;2.5;8.7;2.1;4.6;15;1.3;2.9;0.0;0.1;0.7;11.8;0.5;7.2;0.3;3.5;2.5;0.7;5.0;34;0.1;34;2.94;19;0.5;0;1195
Semi Belkahia;D (C);27;€0 - €20K;3. Liga;Germany;3.2;10.6;0%;0.1;0%;0;0.0;0.1;0.0;78%;7.8;0;1.2;2.6;0.7;0.6;0.0;0.0;0;33.7;3.3;3.4;0.1;0.0;10;0.0;0.2;0.5;0.5;0.0;9.7;0.0;6.8;0.0;0.0;5.5;0.0;0.0;0;1.6;81;-0.32;12;0.0;0;1525
Nicolas Sessa;DM, M/AM (C);30;€0 - €80K;3. Liga;Germany;2.6;6.7;43%;0.0;10%;0;0.0;1.4;0.5;87%;11.7;0;0.7;8.0;2.0;1.5;0.9;0.7;0;57.2;5.7;10.1;1.9;0.9;35;0.2;1.7;0.2;0.2;0.2;12.0;0.2;1.5;0.1;0.9;0.3;0.1;4.0;11;0.1;19;-1.13;51;0.2;0;2138
Leon Dajaku;AM (RLC);25;€40K - €400K;3. Liga;Germany;1.8;5.5;51%;0.0;6%;0;0.0;1.7;0.5;88%;12.8;0;0.4;4.3;1.0;1.1;0.5;0.8;0;39.5;3.1;13.7;2.0;3.8;25;0.8;1.6;0.0;0.0;0.1;12.4;0.2;4.5;0.2;4.5;0.9;0.1;6.3;15;0.0;19;-1.72;37;0.2;0;1995
Patrick Sussek;M/AM (RL);26;€120K - €1.2M;3. Liga;Germany;2.5;7.8;44%;0.1;8%;0;0.0;1.5;0.7;88%;15.2;0;0.5;9.6;2.7;2.4;1.5;1.1;0;45.0;4.2;15.2;2.1;3.6;59;1.0;2.4;0.1;0.2;0.2;12.7;0.2;3.9;0.3;5.2;0.8;0.2;8.1;17;0.0;20;0.05;76;0.2;0;2169
Nils Piwernetz;D (L), DM, M/AM (C);26;€55K - €190K;3. Liga;Germany;3.7;10.3;40%;0.2;0%;0;0.0;0.5;0.1;87%;9.7;0;1.5;10.4;2.6;2.3;0.4;0.2;0;59.1;5.2;11.7;0.5;0.3;26;0.1;0.4;0.4;0.7;0.0;12.4;0.0;3.1;0.1;0.8;1.1;0.2;1.5;5;0.0;34;-0.32;29;0.0;0;1025
Kaan Çalışkaner;M/AM (C), ST (C);26;€6K;3. Liga;Germany;1.3;3.5;51%;0.0;14%;0;0.0;1.1;0.3;86%;7.3;0;0.1;3.8;1.2;0.5;0.8;1.3;0;28.6;2.1;7.1;1.1;1.4;7;0.1;2.5;0.1;0.1;0.4;11.7;0.3;9.8;0.1;1.1;2.8;0.1;1.1;13;0.0;29;-0.98;11;0.4;0;1247
Aaron Opoku;M (L), AM (RLC);27;€150K - €1.5M;Bundesliga 2;Germany;2.3;3.5;38%;0.0;6%;0;0.0;1.5;0.2;87%;21.7;0;0.4;8.0;2.4;1.7;0.2;0.3;0;42.8;2.9;12.5;1.5;5.7;36;0.6;0.8;0.0;0.4;0.0;11.4;0.1;4.3;0.1;3.6;1.1;0.1;3.6;16;0.1;25;-1.37;45;0.1;0;1854
Christian Viet;DM, M/AM (C);27;€250K - €850K;3. Liga;Germany;2.2;6.0;50%;0.0;16%;0;0.0;1.6;0.5;85%;10.9;0;0.4;6.0;1.0;0.8;0.8;0.8;0;52.5;3.7;14.4;1.8;1.5;17;0.4;1.7;0.2;0.4;0.3;12.8;0.2;3.0;0.2;1.2;1.0;0.2;2.1;25;0.0;33;-0.85;26;0.3;0;2039
Leon Sommer;D/WB/M/AM (R);25;€1.5K - €12K;3. Liga;Germany;2.2;8.9;21%;0.1;0%;0;0.0;2.3;0.8;79%;17.6;0;1.7;7.4;1.4;1.5;0.8;0.2;0;42.7;5.6;24.9;2.3;1.4;20;1.4;1.1;0.5;0.8;0.0;13.7;0.0;3.7;0.2;8.4;2.9;0.2;8.6;17;0.6;78;-0.64;36;0.0;0;1191
Marvin Obuz;M/AM (RL);24;€18K - €190K;3. Liga;Germany;2.3;6.8;59%;0.0;8%;0;0.0;1.9;0.7;86%;20.6;0;0.9;11.3;3.0;1.7;1.1;1.1;0;44.5;4.9;17.4;2.7;6.3;53;1.4;1.9;0.3;0.5;0.2;12.7;0.1;3.7;0.3;8.6;1.0;0.4;13.6;14;0.0;26;0.06;74;0.2;0;2830
Jonathan Meier;D/WB (L);26;€4K;3. Liga;Germany;3.0;10.3;17%;0.3;0%;0;0.0;1.3;0.3;86%;11.8;0;1.4;6.4;1.9;1.9;0.3;0.0;0;48.4;6.6;18.1;1.3;1.2;46;1.0;0.3;0.1;0.7;0.0;12.6;0.0;2.5;0.1;4.9;1.2;0.2;5.7;17;0.4;47;-0.17;61;0.0;0;2124
Jonas David;D (C), DM;26;€110K - €1.1M;3. Liga;Germany;3.9;10.2;40%;0.1;0%;0;0.0;0.3;0.0;91%;4.4;0;1.2;1.9;0.3;0.3;0.0;0.1;0;39.3;2.0;5.0;0.3;0.1;8;0.0;0.2;0.7;0.8;0.0;10.2;0.0;6.1;0.0;0.2;4.2;0.0;0.2;0;1.0;69;-0.28;11;0.0;0;2610
Tobias Fleckstein;D (C);27;€65K - €650K;3. Liga;Germany;3.0;11.2;25%;0.2;0%;0;0.0;0.1;0.1;88%;6.2;0;1.0;2.0;0.6;0.4;0.0;0.1;0;49.1;2.7;5.6;0.1;0.0;14;0.0;0.3;0.4;0.5;0.0;10.5;0.0;4.5;0.0;0.1;2.9;0.0;0.1;0;0.4;65;-0.76;23;0.0;0;3108
Lukas Schleimer;M (C), AM (RLC), ST (C);26;€70K - €700K;3. Liga;Germany;1.9;6.7;53%;0.0;15%;0;0.0;1.5;0.5;86%;11.8;0;0.4;4.6;1.2;0.9;1.2;1.4;0;41.4;3.6;13.9;2.0;1.8;18;0.3;2.6;0.1;0.3;0.4;11.9;0.3;5.6;0.3;1.8;1.4;0.2;5.5;15;0.0;26;1.42;24;0.3;0;1866
Fatih Kaya;AM (LC), ST (C);26;€275K - €900K;3. Liga;Germany;0.7;2.4;54%;0.0;20%;0;0.0;1.2;0.4;88%;7.6;0;0.2;1.6;0.3;0.2;0.9;1.1;0;26.2;1.0;8.6;1.4;1.0;5;0.1;2.0;0.1;0.1;0.4;11.7;0.3;8.3;0.1;0.8;1.7;0.1;2.7;9;0.0;21;4.27;8;0.3;0;2689
Dominic Minz;D (RLC);27;€0 - €14K;3. Liga;Germany;3.0;12.3;33%;0.1;0%;0;0.0;0.2;0.1;76%;11.3;0;1.5;1.7;0.7;0.5;0.0;0.1;0;46.4;3.5;6.3;0.2;0.0;19;0.0;0.2;0.3;0.3;0.0;10.3;0.0;6.5;0.0;0.0;4.5;0.0;0.0;0;0.8;70;-0.54;22;0.0;0;3420
Luca Bazzoli;D (C), DM, M (C);25;€45K - €450K;3. Liga;Germany;3.2;10.4;30%;0.3;5%;0;0.0;0.7;0.1;92%;7.1;0;1.5;5.8;1.8;1.6;0.5;0.3;0;56.1;4.4;11.6;0.7;0.5;36;0.0;0.9;0.3;0.4;0.0;12.2;0.1;4.7;0.1;0.1;2.7;0.0;0.1;0;1.1;58;-0.16;56;0.1;0;1970
Ekin Çelebi;D/WB/M (L), AM (RL);25;€0 - €22K;3. Liga;Germany;4.8;13.3;26%;0.3;4%;0;0.0;0.7;0.0;84%;14.2;0;0.8;8.6;2.0;2.2;0.6;0.2;0;58.0;7.5;17.4;0.9;1.3;70;0.3;0.7;0.3;0.7;0.0;12.8;0.0;4.8;0.0;4.0;2.5;0.0;5.6;9;0.3;52;-0.08;89;0.0;0;2806
Florian Egerer;D (C), DM, M (C);28;€0 - €16K;3. Liga;Germany;2.7;9.3;29%;0.1;0%;0;0.0;0.5;0.1;90%;6.2;0;0.9;4.2;0.9;1.2;1.2;0.4;0;52.5;6.2;11.2;0.5;0.1;24;0.1;1.4;0.3;0.3;0.0;11.8;0.0;2.9;0.1;0.1;1.4;0.1;0.2;25;0.1;48;-0.9;37;0.0;0;1800
Max Geschwill;D (LC), WB (L);24;€110K - €1.1M;Bundesliga 2;Germany;2.7;11.6;9%;0.2;0%;0;0.0;0.1;0.0;89%;3.5;0;1.0;2.6;1.2;0.7;0.2;0.0;0;43.0;1.9;4.0;0.1;0.0;23;0.0;0.4;0.9;0.6;0.0;10.5;0.0;3.6;0.0;0.2;2.3;0.0;0.2;0;0.6;64;-0.86;28;0.0;0;2812
Lars Kehl;AM (RC), ST (C);24;€80K - €800K;3. Liga;Germany;1.5;5.0;51%;0.2;18%;0;0.0;2.0;0.6;87%;11.4;0;0.2;7.7;2.0;1.3;0.8;0.8;0;43.2;3.7;14.3;2.5;2.8;39;0.4;1.5;0.2;0.2;0.3;12.8;0.2;3.8;0.2;2.3;0.3;0.1;5.5;14;0.0;8;2.33;49;0.2;0;2745
Lars Lokotsch;ST (C);29;€80K - €800K;Bundesliga 2;Germany;0.9;0.9;28%;0.1;8%;0;0.0;1.1;0.2;88%;20.3;0;0.2;1.8;0.8;0.3;1.0;0.8;0;30.9;0.8;8.3;1.1;0.6;4;0.0;2.9;0.0;0.2;0.2;10.1;0.3;9.2;0.0;0.2;4.3;0.0;0.2;0;0.0;47;-1.37;5;0.3;0;1134
Moritz Seiffert;D/WB/M/AM (L);25;€65K;3. Liga;Germany;2.3;8.0;50%;0.0;15%;0;0.0;1.0;0.1;85%;14.8;0;1.4;7.3;2.3;1.8;0.4;0.4;0;50.6;5.7;20.1;1.1;2.3;46;0.8;0.8;0.3;0.4;0.1;13.0;0.1;3.3;0.0;4.5;1.2;0.0;5.3;15;0.2;37;0.75;63;0.1;0;2261
Henry Rorig;D/WB (R);26;€2.5K - €28K;3. Liga;Germany;3.8;13.9;19%;0.0;0%;0;0.0;2.2;1.0;83%;19.8;0;1.6;9.7;2.3;1.6;0.9;0.2;0;56.7;7.7;25.9;2.8;2.4;22;1.7;1.1;0.6;0.7;0.0;13.9;0.1;5.9;0.3;9.7;3.7;0.3;14.1;15;0.6;63;-0.89;30;0.1;0;1258
Linus Rosenlöcher;D/WB/M (L);25;€210K - €700K;3. Liga;Germany;3.2;10.3;46%;0.2;7%;0;0.0;1.3;0.4;88%;12.1;0;1.3;4.8;1.2;1.1;0.7;0.4;0;64.1;9.9;15.1;1.3;0.8;35;0.7;0.9;0.4;0.6;0.1;12.2;0.1;4.1;0.1;3.3;2.5;0.1;3.3;20;0.5;60;0.34;47;0.1;0;2846
Lamar Yarbrough;D (C), DM;30;€1K - €12K;3. Liga;Germany;3.3;12.5;23%;0.2;0%;0;0.0;0.3;0.0;85%;8.0;0;1.2;2.7;0.8;0.8;0.2;0.1;0;48.3;2.5;6.3;0.3;0.0;26;0.0;0.4;0.3;0.4;0.0;10.3;0.0;6.4;0.0;0.1;5.1;0.1;0.1;50;1.5;80;-0.48;36;0.0;0;3046
Jonas Dirkner;DM, M (C);23;€250K - €900K;3. Liga;Germany;2.8;11.2;40%;0.1;10%;0;0.0;1.9;0.5;88%;10.8;0;0.8;7.8;1.8;1.1;0.9;0.6;0;85.4;11.7;16.6;1.9;0.1;16;0.4;1.4;0.3;0.5;0.1;13.3;0.1;2.8;0.1;0.6;1.0;0.1;0.6;66;0.1;37;0.9;20;0.1;0;1303
Robin Müller;M (R), AM (RL), ST (C);25;€0 - €14K;3. Liga;Germany;1.3;3.3;45%;0.0;16%;0;0.0;0.9;0.2;91%;6.8;0;0.2;3.9;1.0;0.5;0.9;0.9;0;28.7;1.4;9.8;0.9;1.3;14;0.1;2.1;0.1;0.2;0.3;11.5;0.3;7.5;0.1;1.8;0.6;0.1;1.8;4;0.0;8;0.28;19;0.3;0;2378
Rasim Bulić;D (C), DM, M (C);25;€240K - €800K;3. Liga;Germany;3.2;9.4;38%;0.1;3%;0;0.0;0.4;0.0;89%;6.8;0;1.0;7.0;2.0;1.7;0.7;0.5;0;56.1;4.8;11.6;0.4;0.2;53;0.0;1.3;0.5;0.5;0.0;12.3;0.1;4.6;0.0;0.2;3.0;0.0;0.2;0;0.7;65;-0.92;78;0.1;0;2758
Luis Görlich;D (RL), WB/M (R);26;€150K - €500K;3. Liga;Germany;3.7;12.1;39%;0.1;6%;0;0.0;0.9;0.1;87%;12.3;0;1.1;6.9;1.8;2.0;0.4;0.2;0;54.7;6.8;15.1;1.0;0.6;61;0.5;0.6;0.2;0.5;0.0;12.3;0.0;4.7;0.1;3.3;2.9;0.1;3.6;13;0.4;62;-0.16;79;0.0;0;2726
David Richter;GK;27;€0 - €26K;3. Liga;Germany;0.6;10.0;0%;0.0;0%;84;0.3;0.0;0.0;68%;12.1;4.56;10.6;0.0;0.0;0.0;0.0;0.0;88;19.6;0.8;0.1;0.0;0.0;0;0.0;0.0;0.0;0.0;0.0;5.9;0.0;0.0;0.0;0.0;0.0;0.0;0.0;0;0.0;0;0;0;0.0;17;1380
Dickson Abiama;AM (R), ST (C);27;€12K - €120K;3. Liga;Germany;2.2;4.5;57%;0.0;19%;0;0.0;0.9;0.2;88%;8.9;0;0.7;5.6;1.2;1.3;0.7;1.2;0;30.8;1.8;15.5;0.9;1.2;40;0.3;2.2;0.1;0.2;0.4;12.2;0.3;9.1;0.1;2.4;2.9;0.0;2.4;14;0.1;32;2.68;48;0.3;0;2833
Morgan Faßbender;AM (RL), ST (C);27;€200K - €700K;PKO BP Ekstraklasa;Poland;1.9;3.3;40%;0.1;20%;0;0.0;1.7;0.3;88%;19.0;0;0.6;10.4;2.2;1.6;0.3;0.4;0;40.8;3.3;16.2;1.7;2.9;49;1.0;1.0;0.0;0.2;0.2;11.3;0.2;4.6;0.2;4.5;2.0;0.1;4.5;21;0.1;44;0.62;72;0.2;0;2726
Erik Shuranov;ST (C);24;€24K - €240K;3. Liga;Germany;0.4;1.9;50%;0.0;31%;0;0.0;1.2;0.3;88%;6.1;0;0.1;1.3;0.3;0.0;0.6;0.9;0;28.6;1.0;5.3;1.2;0.4;1;0.0;1.8;0.0;0.1;0.6;10.8;0.3;11.0;0.1;0.4;3.6;0.2;0.4;9;0.2;33;5.62;5;0.3;0;2421
Julian Stark;D (C), DM, M (C);25;€0 - €16K;3. Liga;Germany;1.6;8.5;44%;0.1;0%;0;0.0;0.6;0.2;86%;9.8;0;0.7;3.7;1.2;0.7;0.8;0.5;0;50.7;5.6;6.5;0.6;0.4;10;0.2;1.1;0.5;0.5;0.0;10.0;0.0;2.7;0.1;1.1;1.7;0.1;1.1;18;0.3;63;-0.71;16;0.0;0;1318
Simon Stehle;M (R), AM (RC), ST (C);24;€22K - €220K;3. Liga;Germany;1.6;3.9;63%;0.0;18%;0;0.0;1.1;0.5;90%;7.5;0;0.6;4.6;1.0;0.5;1.2;1.8;0;26.3;1.6;8.7;1.1;1.6;10;0.3;2.9;0.1;0.3;0.5;11.5;0.4;8.1;0.2;2.2;1.2;0.2;2.2;14;0.0;15;1.75;18;0.4;0;1753
Niklas May;D/WB (L);24;€16K - €160K;3. Liga;Germany;3.2;10.4;42%;0.0;8%;0;0.0;1.8;0.4;83%;20.0;0;1.0;11.3;3.1;2.5;0.4;0.2;0;53.9;6.1;24.6;2.4;3.4;52;1.3;0.6;0.0;0.4;0.0;13.4;0.0;2.6;0.2;7.8;1.2;0.1;11.9;16;0.1;44;0.34;66;0.0;0;1837
Rodney Elongo-Yombo;M (L), AM (RL), ST (C);24;€65K - €650K;3. Liga;Germany;2.3;6.2;43%;0.0;15%;0;0.0;2.3;0.6;89%;14.8;0;0.6;10.2;2.9;2.0;0.8;0.8;0;51.3;3.4;18.3;2.7;4.2;57;0.7;1.9;0.1;0.3;0.3;13.1;0.2;4.5;0.3;5.9;1.8;0.4;9.1;11;0.0;39;3.29;67;0.2;0;2559
Jonah Fabisch;DM, M/AM (C);24;€100K;3. Liga;Germany;2.8;8.1;41%;0.0;0%;0;0.0;0.8;0.2;91%;7.3;0;1.0;8.9;2.3;1.5;1.4;0.7;0;52.4;6.0;13.5;1.1;0.4;34;0.1;1.8;0.5;0.8;0.0;12.1;0.1;1.8;0.1;0.5;0.5;0.0;2.7;13;0.0;26;-2.15;45;0.1;0;1996
Lucas Zeller;D (RLC);26;€0 - €20K;3. Liga;Germany;4.1;11.3;0%;0.1;0%;0;0.0;0.2;0.0;87%;7.0;0;1.7;2.7;0.9;0.5;0.0;0.0;0;49.3;3.1;5.5;0.2;0.0;15;0.0;0.2;0.6;0.7;0.0;10.5;0.0;6.2;0.0;0.1;4.0;0.0;0.1;50;0.6;64;-0.26;18;0.0;0;2778
Tobias Eisenhuth;D (C), DM, M (C);24;€0 - €50K;3. Liga;Germany;3.1;8.0;28%;0.1;3%;0;0.0;0.9;0.1;89%;7.4;0;0.9;5.1;1.1;0.6;0.9;0.3;0;55.5;5.8;11.0;1.0;0.2;21;0.1;1.0;0.2;0.3;0.0;12.1;0.0;2.2;0.1;0.2;1.3;0.0;1.3;10;0.1;61;-0.12;32;0.0;0;3407
Lucas Brumme;D/WB/M/AM (L);26;€70K - €700K;3. Liga;Germany;3.9;12.1;29%;0.1;0%;0;0.0;1.2;0.2;86%;12.8;0;1.3;6.9;2.1;1.7;0.3;0.1;0;57.3;7.6;17.5;1.3;1.0;50;0.5;0.5;0.2;0.6;0.0;12.6;0.0;4.7;0.1;3.8;3.1;0.1;4.8;11;0.5;65;-0.6;72;0.0;0;2580
Lex-Tyger Lobinger;ST (C);27;€700K - €1.7M;3. Liga;Germany;1.2;2.5;57%;0.0;29%;0;0.0;1.1;0.3;87%;5.8;0;0.1;1.2;0.3;0.2;0.8;1.8;0;30.0;1.1;5.8;1.1;0.5;5;0.1;3.2;0.1;0.1;0.9;10.9;0.6;10.8;0.1;0.4;4.0;0.2;0.4;27;0.0;37;7.76;8;0.7;0;2525
Jannik Müller;D (C), DM;32;Not for Sale;3. Liga;Germany;3.3;12.8;33%;0.3;6%;0;0.0;0.4;0.0;84%;9.5;0;1.7;4.6;1.1;1.2;0.3;0.2;0;56.1;5.4;8.9;0.4;0.1;40;0.0;0.5;0.5;0.9;0.0;11.0;0.0;5.3;0.0;0.1;4.1;0.0;0.1;0;0.6;78;0.29;56;0.0;0;3120
Timmy Thiele;ST (C);34;€0 - €6K;3. Liga;Germany;0.6;1.9;65%;0.0;28%;0;0.0;1.6;0.7;90%;7.9;0;0.1;1.6;0.5;0.2;0.5;1.5;0;38.3;1.4;10.1;1.6;1.7;5;0.4;2.2;0.1;0.1;0.6;12.0;0.5;9.0;0.2;1.8;2.6;0.4;1.8;21;0.2;29;3.92;7;0.5;0;2781
Thomas Meißner;D (C);35;€0;3. Liga;Germany;3.4;12.7;10%;0.3;10%;0;0.0;0.3;0.0;85%;7.2;0;1.7;2.6;0.6;0.5;0.0;0.0;0;45.0;2.2;4.8;0.3;0.0;18;0.0;0.3;0.5;0.7;0.0;10.1;0.0;7.4;0.0;0.0;5.3;0.0;0.0;0;1.4;71;0.46;31;0.0;0;2949
Alexander Hahn;D (C), DM;33;Not for Sale;3. Liga;Germany;2.9;12.5;31%;0.2;6%;0;0.0;0.2;0.1;86%;8.0;0;1.3;3.1;1.0;0.7;0.1;0.1;0;51.2;3.4;7.1;0.3;0.1;27;0.0;0.4;0.6;0.6;0.0;10.5;0.0;6.5;0.0;0.1;5.0;0.0;0.2;57;1.3;77;0.02;33;0.0;0;3574
Lucas Röser;AM (C), ST (C);32;€35K - €375K;3. Liga;Germany;0.5;2.0;73%;0.0;36%;0;0.0;0.7;0.2;90%;7.2;0;0.2;2.8;0.6;0.5;0.7;1.4;0;27.9;0.4;5.8;0.7;0.9;6;0.0;1.9;0.0;0.0;0.7;11.3;0.3;10.7;0.1;0.5;2.9;0.0;0.5;0;0.0;27;4.69;6;0.3;0;1047
Patrick Schmidt;AM (L), ST (C);32;€65K - €220K;3. Liga;Germany;1.3;3.5;65%;0.0;35%;0;0.0;1.1;0.4;88%;7.1;0;0.2;3.5;0.9;0.3;0.5;1.2;0;32.1;1.8;6.9;1.1;1.0;5;0.0;1.9;0.1;0.1;0.7;11.5;0.4;9.7;0.1;0.5;4.4;0.1;0.5;0;0.2;46;5.24;7;0.4;0;1479
Herbert Bockhorn;D/WB (RL);31;€22K - €210K;Bundesliga 2;Germany;3.6;8.9;23%;0.1;8%;0;0.0;1.0;0.1;88%;17.0;0;1.0;7.2;1.8;2.0;0.2;0.2;0;49.6;6.5;16.3;1.0;0.8;33;0.4;0.8;0.1;0.8;0.1;12.1;0.1;3.0;0.0;1.6;0.9;0.1;1.6;26;0.1;31;-0.75;37;0.1;0;1484
Lukas Fröde;D (C), DM, M (C);31;€30K - €325K;3. Liga;Germany;3.1;8.9;43%;0.0;0%;0;0.0;0.4;0.0;92%;6.2;0;1.2;7.3;1.8;1.6;0.1;0.4;0;62.3;4.6;10.0;0.4;0.0;37;0.0;0.9;0.2;0.3;0.0;12.1;0.0;5.7;0.0;0.0;3.5;0.0;0.0;0;0.7;61;-1.06;46;0.0;0;2054
Felix Lohkemper;AM (RL), ST (C);31;Not for Sale;3. Liga;Germany;1.2;3.1;50%;0.0;10%;0;0.0;1.8;0.6;87%;6.3;0;0.3;2.1;0.7;0.2;1.0;1.2;0;27.5;1.1;7.9;1.8;1.0;4;0.4;2.4;0.1;0.1;0.2;11.2;0.3;8.0;0.2;1.5;1.7;0.1;1.5;25;0.0;21;-1.52;9;0.3;0;1576
Steven Skrzybski;M (C), AM (RC), ST (C);33;€110K - €1.1M;Bundesliga 2;Germany;0.0;6.9;29%;0.0;8%;0;0.0;0.5;0.3;96%;18.7;0;0.0;0.5;0.3;0.2;0.4;0.5;0;5.1;0.3;1.1;0.5;0.0;3;0.0;1.8;0.0;0.0;0.2;1.4;0.3;1.4;0.3;0.2;0.2;0.3;0.2;0;0.0;11;-1.74;3;0.3;0;1197
Marvin Stefaniak;M (RL), AM (RLC);31;€80K;3. Liga;Germany;3.0;7.7;43%;0.1;4%;0;0.0;2.1;1.2;84%;20.3;0;0.5;9.8;2.4;1.7;1.4;0.8;0;46.4;3.9;14.8;2.9;5.6;22;1.2;1.8;0.0;0.5;0.1;12.9;0.1;4.4;0.3;6.6;1.0;0.2;12.3;14;0.0;23;-0.03;27;0.1;0;1159
Dominik Nothnagel;D (LC);31;€0 - €55K;3. Liga;Germany;3.0;8.9;75%;0.1;0%;0;0.0;0.1;0.0;90%;5.1;0;1.0;2.2;0.9;0.4;0.0;0.1;0;44.4;3.4;6.3;0.1;0.2;14;0.0;0.1;0.4;0.6;0.0;10.3;0.0;4.1;0.0;0.2;2.7;0.0;0.3;11;0.8;64;-1.07;21;0.0;0;3150
Nico Neidhart;D/WB (RL);31;€9K - €95K;3. Liga;Germany;2.9;10.3;59%;0.0;10%;0;0.0;2.4;0.6;87%;15.9;0;1.3;10.8;3.1;2.6;0.8;0.7;0;53.4;5.7;29.2;2.6;1.8;61;1.6;1.2;0.5;0.8;0.1;13.5;0.1;3.7;0.3;7.8;2.3;0.2;10.7;18;0.2;63;1.1;82;0.1;0;2149
Marius Funk;GK;30;€1.5K - €14K;3. Liga;Germany;0.7;13.3;0%;0.0;0%;77;-0.1;0.0;0.0;76%;12.8;-3.34;13.1;0.0;0.0;0.0;0.0;0.0;89;17.2;0.8;0.2;0.0;0.0;0;0.0;0.0;0.0;0.0;0.0;5.7;0.0;0.0;0.0;0.0;0.0;0.0;0.0;0;0.0;0;0;0;0.0;38;2970
Max Besuschkow;DM, M/AM (C);28;€65K - €650K;3. Liga;Germany;2.7;6.9;37%;0.0;15%;0;0.0;1.4;0.3;89%;8.7;0;0.7;7.0;1.2;0.8;0.6;0.3;0;70.6;8.1;11.9;1.6;0.4;24;0.1;0.9;0.2;0.4;0.1;12.1;0.1;2.0;0.1;0.5;0.9;0.0;1.0;31;0.1;46;2.4;37;0.1;0;2632
Arianit Ferati;DM, M/AM (C);28;€0 - €50K;3. Liga;Germany;1.1;3.5;47%;0.0;14%;0;0.0;1.4;0.3;87%;8.6;0;0.4;4.4;0.9;0.6;1.3;0.9;0;39.4;3.3;8.3;1.9;1.0;17;0.2;1.8;0.1;0.2;0.3;11.9;0.2;1.8;0.2;0.6;0.2;0.2;3.1;17;0.0;12;2.51;26;0.2;0;2500
Dominik Martinović;AM (R), ST (C);29;€160K - €550K;3. Liga;Germany;1.0;2.6;51%;0.0;12%;0;0.0;1.4;0.3;91%;5.0;0;0.1;3.0;0.7;0.3;1.5;1.2;0;24.8;0.9;6.8;1.4;1.0;7;0.2;2.4;0.0;0.0;0.3;11.8;0.2;6.5;0.2;1.4;0.5;0.3;1.4;17;0.0;8;1.56;11;0.2;0;1805
Dženis Burnić;DM, M (RC), AM (R);27;€50K;Bundesliga 2;Germany;0.1;9.0;38%;0.0;13%;0;0.0;0.1;0.4;98%;16.9;0;0.0;0.4;0.1;0.1;0.1;0.2;0;3.5;0.2;0.8;0.1;0.1;1;0.0;0.5;0.0;0.0;0.1;0.8;0.1;0.1;0.2;0.0;0.1;0.1;0.0;0;0.0;100;0.12;1;0.1;0;1486
Franz Pfanne;D (C), DM, M (C);31;Not for Sale;3. Liga;Germany;3.6;13.2;50%;0.2;8%;0;0.0;0.2;0.0;86%;8.2;0;1.4;2.6;1.0;0.6;0.1;0.2;0;56.4;4.9;8.1;0.2;0.0;20;0.0;0.3;0.5;0.7;0.0;10.7;0.0;7.7;0.0;0.1;6.0;0.0;0.1;0;1.0;78;0.39;28;0.0;0;3255
Dennis Srbeny;AM (C), ST (C);32;€0 - €26K;Bundesliga 2;Germany;1.0;1.9;41%;0.0;7%;0;0.0;1.2;0.2;91%;22.7;0;0.2;1.6;0.5;0.2;0.5;1.0;0;27.3;0.8;5.7;1.2;0.7;3;0.2;2.3;0.0;0.0;0.2;10.1;0.3;7.1;0.1;0.4;2.0;0.2;0.4;37;0.2;28;-1.91;4;0.3;0;1697
Till Schumacher;D (LC), WB (L);28;€45K - €425K;3. Liga;Germany;3.3;9.8;50%;0.2;0%;0;0.0;1.4;0.5;88%;9.4;0;1.2;4.3;1.4;1.4;0.3;0.2;0;55.6;6.6;13.7;1.5;0.5;33;0.7;0.5;0.4;0.5;0.0;12.1;0.0;3.8;0.2;2.6;2.0;0.2;2.6;29;0.5;53;-0.77;38;0.0;0;2179
Dominik Reimann;GK;28;€700K - €1.5M;Bundesliga 2;Germany;0.0;3.4;0%;0.0;0%;72;0.0;0.0;0.0;77%;10.0;1.08;3.3;0.0;0.0;0.1;0.0;0.0;90;24.5;0.0;0.0;0.0;0.0;2;0.0;0.0;0.0;0.0;0.0;5.3;0.0;0.0;0.0;0.0;0.0;0.0;0.0;0;0.0;0;0;4;0.0;30;2187
Jeremias Lorch;D (C), DM, M (C);30;€28K - €275K;3. Liga;Germany;2.7;7.4;41%;0.2;0%;0;0.0;0.7;0.1;91%;5.5;0;1.1;3.1;0.7;1.4;1.1;0.5;0;54.5;6.4;10.9;0.7;0.2;26;0.0;1.2;0.3;0.4;0.0;12.0;0.0;2.0;0.0;0.1;0.8;0.0;0.1;0;0.1;39;-0.63;40;0.0;0;1705
Alexander Groiß;D (C), DM, M (C);27;€500 - €3K;3. Liga;Germany;3.4;9.1;50%;0.1;0%;0;0.0;0.3;0.1;89%;7.0;0;0.7;5.0;1.3;1.1;0.3;0.2;0;58.4;6.0;10.0;0.3;0.0;17;0.0;0.4;0.7;0.7;0.0;11.8;0.0;4.7;0.0;0.1;3.4;0.1;0.1;0;1.1;71;-0.18;31;0.0;0;1447
Ruben Reisig;D (C), DM, M (C);30;€60K - €600K;3. Liga;Germany;2.4;9.0;44%;0.1;3%;0;0.0;0.8;0.2;89%;7.2;0;0.8;6.1;1.4;1.1;1.1;0.5;0;58.0;5.7;14.0;0.8;0.2;31;0.0;1.2;0.5;0.6;0.0;12.1;0.1;4.8;0.1;0.1;3.3;0.1;0.1;33;1.1;70;-0.43;50;0.1;0;2541
Christian Kinsombi;WB (L), M/AM (LC), ST (C);26;€1.5K - €16K;3. Liga;Germany;1.2;4.4;39%;0.1;13%;0;0.0;1.5;0.2;88%;11.8;0;0.6;7.3;2.1;1.7;1.5;1.0;0;46.7;2.6;12.8;1.6;1.0;20;0.8;2.6;0.2;0.2;0.3;13.2;0.3;5.0;0.1;3.4;0.4;0.1;5.2;18;0.0;8;0.94;25;0.3;0;1055
Marcel Costly;D/WB/M/AM (R);30;€50K - €500K;3. Liga;Germany;1.8;6.0;44%;0.0;4%;0;0.0;2.8;0.8;86%;17.1;0;0.5;8.0;1.7;1.1;0.7;0.7;0;45.0;4.1;15.3;3.6;6.3;38;1.8;1.5;0.2;0.3;0.1;12.2;0.1;3.2;0.3;7.7;1.3;0.3;12.1;20;0.0;41;-1.83;52;0.1;0;2986
José-Enrique Ríos Alonso;D (RC);25;€85K - €850K;3. Liga;Germany;3.9;13.0;31%;0.1;8%;0;0.0;0.4;0.1;88%;6.8;0;1.3;3.7;1.0;0.9;0.1;0.1;0;52.9;4.2;7.9;0.4;0.1;27;0.1;0.5;0.3;0.6;0.0;11.0;0.0;5.3;0.0;0.8;4.0;0.0;0.8;9;0.5;75;0.16;38;0.0;0;2593
Lennart Stoll;D/WB (R);30;€12K - €110K;3. Liga;Germany;3.2;14.4;22%;0.1;0%;0;0.0;0.6;0.1;87%;14.7;0;1.6;8.8;2.7;1.4;0.3;0.1;0;63.6;10.0;19.7;0.6;1.2;19;0.3;0.7;0.2;0.4;0.0;12.6;0.1;8.0;0.0;5.5;5.0;0.0;5.5;5;1.2;63;-0.76;31;0.1;0;1222
Jan Boller;D (RC), WB (R);26;€60K - €600K;3. Liga;Germany;4.1;12.2;33%;0.1;0%;0;0.0;0.3;0.0;88%;8.0;0;1.1;2.8;0.9;1.3;0.4;0.2;0;52.0;4.7;9.6;0.3;0.2;23;0.3;0.5;0.4;0.4;0.0;11.3;0.0;5.4;0.0;1.3;3.8;0.0;1.3;25;0.4;69;-0.45;26;0.0;0;1625
Julian Rieckmann;D (C), DM, M (C);25;€110K - €350K;3. Liga;Germany;3.5;11.0;23%;0.1;5%;0;0.0;0.4;0.1;88%;7.0;0;0.8;10.2;2.6;1.6;0.8;0.3;0;53.6;6.4;12.8;0.4;0.3;50;0.0;1.2;0.3;0.5;0.1;12.4;0.1;3.7;0.0;0.1;1.9;0.0;0.1;0;0.2;50;-0.07;71;0.1;0;2873
Niklas Hoffmann;D (C), DM;29;€0 - €60K;3. Liga;Germany;4.0;13.3;20%;0.2;0%;0;0.0;0.4;0.0;88%;5.9;0;1.0;3.5;0.8;0.5;0.2;0.0;0;50.1;4.3;8.8;0.4;0.0;13;0.0;0.2;0.7;1.0;0.0;11.1;0.0;7.0;0.0;0.1;5.0;0.0;0.1;0;1.8;71;-0.23;26;0.0;0;2260
Johann Berger;DM, M (C);26;€0 - €14K;3. Liga;Germany;2.6;7.8;17%;0.1;0%;0;0.0;0.8;0.1;88%;7.8;0;1.1;5.9;1.3;1.1;0.8;0.1;0;51.7;5.9;13.0;1.1;0.2;31;0.0;0.8;0.3;0.5;0.0;11.9;0.0;2.4;0.1;0.2;1.4;0.0;1.7;17;0.1;58;-0.98;38;0.0;0;2656
Can Coşkun;D/WB/M (L);28;€50K - €500K;3. Liga;Germany;3.9;10.5;42%;0.1;0%;0;0.0;1.7;0.5;84%;16.2;0;1.4;9.0;2.2;2.5;0.6;0.3;0;52.5;6.9;20.0;1.9;2.3;48;0.8;0.6;0.3;0.6;0.0;13.1;0.0;2.7;0.3;7.0;0.9;0.4;8.1;11;0.3;33;-0.24;62;0.0;0;1730
Niklas Kölle;D/WB/M/AM (L);26;€14K - €140K;3. Liga;Germany;3.5;11.3;36%;0.0;0%;0;0.0;1.1;0.1;84%;15.5;0;1.9;6.9;2.4;1.6;0.7;0.3;0;49.3;6.6;18.4;1.2;1.9;21;0.6;0.8;0.1;0.8;0.0;12.6;0.0;3.0;0.1;6.2;1.8;0.0;7.6;7;0.1;59;-0.47;29;0.0;0;1210
Oscar Schönfelder;D/WB/M/AM (L);25;€24K - €240K;3. Liga;Germany;3.3;10.3;17%;0.0;0%;0;0.0;1.3;0.2;86%;13.9;0;1.2;8.7;2.7;2.2;0.3;0.1;0;53.2;6.3;23.8;1.4;2.0;52;0.8;0.5;0.3;0.6;0.0;13.1;0.0;2.8;0.1;5.3;1.7;0.2;6.5;13;0.2;60;-0.57;63;0.0;0;2171
Berkan Taz;AM (C), ST (C);27;€3.5K - €35K;3. Liga;Germany;1.2;4.9;55%;0.0;16%;0;0.0;1.8;0.3;88%;8.8;0;0.5;4.6;1.2;0.5;0.6;0.9;0;46.5;4.1;11.2;1.8;1.1;16;0.2;1.6;0.1;0.1;0.3;12.6;0.2;3.3;0.2;1.1;1.0;0.1;2.0;8;0.1;30;1.48;31;0.2;0;3122
Anthony Barylla;D (RC), WB (R);28;€40K - €400K;3. Liga;Germany;3.5;11.7;50%;0.2;0%;0;0.0;0.2;0.0;87%;7.2;0;1.2;2.9;1.0;1.0;0.1;0.2;0;45.4;3.9;6.7;0.2;0.1;26;0.0;0.4;0.4;0.7;0.0;10.6;0.0;6.3;0.0;0.5;4.5;0.0;0.5;7;0.3;71;-0.99;33;0.0;0;2325
Leonard Langhans;D/WB/M/AM (R);27;€18K - €180K;3. Liga;Germany;3.8;12.2;33%;0.1;0%;0;0.0;0.8;0.1;87%;9.8;0;1.4;7.8;2.3;2.2;0.2;0.1;0;56.0;5.2;15.5;0.8;0.6;60;0.4;0.4;0.2;0.4;0.0;12.4;0.0;4.8;0.1;2.0;2.0;0.1;2.1;17;0.4;41;-1.03;70;0.0;0;2465
Tim Schreiber;GK;24;€60K - €600K;Bundesliga 2;Germany;0.0;3.5;0%;0.0;0%;70;0.1;0.0;0.0;69%;7.3;2.09;2.5;0.0;0.0;0.1;0.0;0.0;89;24.1;0.0;0.0;0.0;0.0;1;0.0;0.0;0.0;0.0;0.0;5.3;0.0;0.0;0.0;0.0;0.0;0.0;0.0;0;0.0;0;0;4;0.0;23;1560
Ivan Franjić;M (C), AM (RC);28;€0 - €12K;3. Liga;Germany;2.2;7.0;56%;0.1;2%;0;0.0;1.3;0.3;89%;10.1;0;1.0;7.7;1.4;1.3;0.9;1.2;0;43.2;3.3;11.0;1.7;1.0;26;0.6;2.1;0.1;0.3;0.1;11.7;0.2;4.5;0.1;2.4;0.7;0.1;3.3;22;0.1;15;-3.38;33;0.2;0;1744
Fabian Greilinger;D/WB/M/AM (L);25;€12K - €110K;3. Liga;Germany;2.9;9.6;35%;0.0;6%;0;0.0;2.0;0.6;87%;17.7;0;1.8;9.5;2.3;1.8;1.1;0.6;0;48.6;4.3;26.5;2.0;3.5;40;1.5;1.6;0.1;0.5;0.1;13.5;0.1;2.9;0.2;11.2;0.6;0.2;11.9;12;0.1;21;0.19;57;0.1;0;1951
Lukas Mazagg;D (LC);26;€55K - €550K;3. Liga;Germany;3.4;12.6;67%;0.2;0%;0;0.0;0.3;0.1;86%;8.0;0;1.2;4.4;1.0;1.3;0.0;0.1;0;46.4;3.4;9.3;0.5;0.2;19;0.1;0.2;0.5;0.8;0.0;11.3;0.0;6.1;0.1;1.0;4.9;0.1;1.0;7;0.5;80;-0.3;25;0.0;0;1312
Julian Guttau;AM (RLC);26;€18K - €170K;3. Liga;Germany;1.1;4.0;34%;0.0;14%;0;0.0;0.8;0.3;89%;7.6;0;0.3;4.7;1.7;0.4;1.1;0.6;0;43.9;2.0;8.4;0.8;1.1;7;0.3;1.8;0.3;0.3;0.3;12.5;0.2;4.6;0.1;1.5;0.6;0.0;1.5;20;0.0;14;0.99;8;0.2;0;1430
Meiko Sponsel;D (RC), WB (R);24;€12K - €120K;3. Liga;Germany;3.8;13.1;29%;0.1;7%;0;0.0;0.7;0.1;88%;10.0;0;2.0;5.1;1.6;1.1;0.3;0.2;0;53.7;6.1;14.0;0.7;0.8;22;0.4;0.7;0.5;0.9;0.1;12.2;0.1;4.7;0.1;2.6;3.6;0.0;2.6;14;0.4;77;-0.32;32;0.1;0;1741
Dominik Kother;M (L), AM (RLC);26;€130K - €450K;3. Liga;Germany;2.0;6.1;52%;0.0;15%;0;0.0;1.7;0.8;87%;11.3;0;0.6;7.5;1.9;1.3;1.4;1.6;0;40.6;2.9;11.5;2.1;3.4;35;0.5;3.0;0.0;0.2;0.5;12.1;0.3;5.2;0.3;2.4;1.8;0.2;5.0;22;0.0;34;3.74;47;0.3;0;2341
Lukas Jonsson;GK;33;€9K - €90K;3. Liga;Germany;0.5;9.4;0%;0.1;0%;73;-0.2;0.0;0.0;64%;11.5;-5.81;6.2;0.0;0.0;0.0;0.0;0.0;85;20.8;0.7;0.1;0.0;0.0;0;0.0;0.0;0.0;0.0;0.0;4.3;0.0;0.0;0.0;0.0;0.0;0.0;0.0;0;0.0;0;0;4;0.0;51;3150
Fredrik Hammar;DM, M (C);25;€55K - €550K;Jupiler Pro League;Belgium;3.2;12.0;27%;0.2;13%;0;0.0;0.8;0.3;90%;7.7;0;0.7;6.5;1.7;1.0;0.1;0.1;0;51.9;3.3;11.7;0.8;0.1;36;0.0;0.4;0.4;0.6;0.1;11.2;0.0;1.7;0.2;0.1;0.9;0.2;0.1;25;0.1;53;0.25;56;0.0;0;3208
Bartosz Kopacz;D (RC);33;Not for Sale;PKO BP Ekstraklasa;Poland;2.9;10.4;0%;0.0;0%;0;0.0;0.8;0.2;89%;12.6;0;0.9;6.3;1.6;2.2;0.1;0.0;0;49.9;5.7;14.1;0.8;0.5;41;0.3;0.4;0.8;0.2;0.0;11.4;0.1;4.8;0.0;1.8;3.2;0.0;1.8;15;1.0;67;-1.16;51;0.1;0;1640
Arkadiusz Jędrych;D (C);33;Not for Sale;PKO BP Ekstraklasa;Poland;2.8;14.7;21%;0.1;4%;0;0.0;0.2;0.1;92%;3.3;0;1.1;2.8;0.8;0.6;0.2;0.2;0;43.3;1.9;4.7;0.2;0.0;18;0.0;0.8;0.9;0.5;0.0;10.0;0.1;5.3;0.1;0.0;4.1;0.0;0.0;0;0.9;76;-1.95;23;0.1;0;2863
Bartłomiej Pawłowski;AM (RC), ST (C);33;€9K - €35K;PKO BP Ekstraklasa;Poland;1.3;10.7;44%;0.0;13%;0;0.0;2.1;0.3;91%;19.5;0;0.3;4.6;1.6;0.7;0.7;0.8;0;41.3;2.7;10.2;2.3;1.3;14;0.3;1.9;0.0;0.0;0.2;11.8;0.2;2.4;0.1;1.3;0.3;0.3;1.3;25;0.0;12;0.88;17;0.2;0;1889
Michał Nalepa;D (C), DM;33;€0 - €12K;PKO BP Ekstraklasa;Poland;3.0;19.2;45%;0.2;0%;0;0.0;0.2;0.1;87%;3.1;0;1.2;2.8;1.0;0.5;0.0;0.2;0;41.8;2.1;3.8;0.2;0.0;14;0.0;0.4;1.2;0.7;0.0;9.9;0.1;6.0;0.1;0.0;4.5;0.1;0.0;100;0.8;75;-1.53;22;0.1;0;2495
Rafał Janicki;D (C);33;€20K;PKO BP Ekstraklasa;Poland;3.2;12.1;27%;0.2;18%;0;0.0;0.3;0.2;89%;4.0;0;1.0;2.3;0.9;0.6;0.1;0.1;0;43.1;2.5;3.4;0.3;0.0;12;0.0;0.5;0.4;0.8;0.1;10.2;0.1;5.4;0.1;0.0;2.9;0.0;0.0;0;0.8;54;0.63;15;0.1;0;1908
Dawid Kudła;GK;34;€12K - €120K;PKO BP Ekstraklasa;Poland;0.0;4.0;0%;0.0;0%;75;0.3;0.0;0.0;77%;9.1;9.12;3.5;0.0;0.0;0.0;0.0;0.0;88;24.3;0.0;0.0;0.0;0.0;0;0.0;0.0;0.0;0.0;0.0;5.6;0.0;0.0;0.0;0.0;0.0;0.0;0.0;0;0.0;0;0;3;0.0;35;2700
Rafał Leszczyński;GK;34;Not for Sale;PKO BP Ekstraklasa;Poland;0.0;4.1;0%;0.0;0%;73;0.1;0.0;0.0;82%;9.0;3.93;2.9;0.0;0.0;0.1;0.0;0.0;90;24.6;0.0;0.0;0.0;0.0;2;0.0;0.0;0.0;0.0;0.0;5.4;0.0;0.0;0.0;0.0;0.0;0.0;0.0;0;0.0;0;0;4;0.0;40;2880
Rafał Augustyniak;D (C), DM, M (C);32;€0 - €35K;PKO BP Ekstraklasa;Poland;2.9;10.9;19%;0.1;6%;0;0.0;0.4;0.3;92%;7.0;0;0.5;6.2;1.8;1.2;0.3;0.1;0;50.4;3.6;10.8;0.4;0.0;25;0.0;0.8;0.3;0.5;0.0;10.9;0.0;3.9;0.1;0.0;2.4;0.1;0.0;0;0.4;61;0.09;35;0.0;0;1808
Grzegorz Rogala;D/WB/M (L);30;€55K - €200K;PKO BP Ekstraklasa;Poland;2.8;9.5;0%;0.1;0%;0;0.0;1.8;0.1;88%;15.8;0;1.1;8.6;2.3;2.1;0.1;0.0;0;48.9;5.0;22.4;1.8;1.4;63;1.3;0.1;0.1;0.6;0.0;12.6;0.0;4.4;0.1;7.3;2.5;0.0;7.3;18;0.7;57;-0.14;73;0.0;0;2691
Jan Grzesik;D/WB (R);31;€45K - €450K;PKO BP Ekstraklasa;Poland;3.0;12.1;6%;0.1;6%;0;0.0;1.1;0.3;86%;14.1;0;1.1;6.4;1.9;1.8;0.2;0.0;0;52.4;6.9;15.7;1.1;0.9;50;0.3;0.6;0.8;0.5;0.0;11.6;0.1;4.3;0.1;1.9;1.8;0.1;1.9;17;0.3;42;-1.5;54;0.1;0;2477
Damian Węglarz;GK;30;€1K;PKO BP Ekstraklasa;Poland;0.0;2.7;0%;0.0;0%;69;0.0;0.0;0.0;71%;10.8;0.62;3.6;0.0;0.0;0.0;0.0;0.0;88;23.6;0.0;0.0;0.0;0.0;0;0.0;0.0;0.0;0.0;0.0;5.3;0.0;0.0;0.0;0.0;0.0;0.0;0.0;0;0.0;0;0;2;0.0;26;1620
Dawid Gojny;D/WB (L);31;Not for Sale;PKO BP Ekstraklasa;Poland;3.0;12.6;50%;0.3;0%;0;0.0;1.3;0.3;84%;17.0;0;1.1;8.7;2.3;2.8;0.1;0.1;0;52.7;6.6;21.1;1.3;0.9;53;0.3;0.1;0.9;0.6;0.0;12.2;0.0;4.0;0.1;2.8;2.2;0.1;2.8;11;0.3;55;-0.38;60;0.0;0;1680
Serafin Szota;D (RC);27;€85K - €300K;PKO BP Ekstraklasa;Poland;2.7;13.1;22%;0.1;0%;0;0.0;0.1;0.0;92%;4.2;0;0.9;2.6;0.9;0.5;0.2;0.2;0;40.0;2.0;3.1;0.1;0.0;15;0.0;1.0;0.5;0.6;0.0;9.6;0.1;4.0;0.0;0.1;2.4;0.0;0.1;0;0.6;59;-3.5;20;0.1;0;2752
Maciej Ambrosiewicz;DM, M (C);27;€28K - €275K;PKO BP Ekstraklasa;Poland;1.0;11.4;30%;0.0;0%;0;0.0;0.3;0.2;87%;11.2;0;0.3;1.9;0.6;0.3;0.3;0.2;0;19.0;1.4;4.3;0.3;0.0;10;0.1;0.7;0.1;0.2;0.0;4.3;0.1;0.7;0.1;0.1;0.2;0.1;0.1;66;0.0;33;-1.77;14;0.1;0;2724
Damian Hilbrycht;D (RL);27;€80K - €800K;PKO BP Ekstraklasa;Poland;3.3;9.0;21%;0.1;0%;0;0.0;0.8;0.2;88%;18.2;0;0.8;7.3;1.8;1.9;0.2;0.1;0;55.5;7.5;14.6;0.8;1.3;51;0.2;0.5;0.6;0.4;0.0;11.4;0.1;3.8;0.2;2.1;1.7;0.1;4.5;14;0.3;45;-1.55;69;0.1;0;2439
Nikodem Niski;WB/M/AM (RL);24;€16K - €160K;PKO BP Ekstraklasa;Poland;2.4;4.7;40%;0.0;10%;0;0.0;1.7;0.1;87%;25.6;0;0.4;8.0;2.0;1.6;0.5;0.5;0;46.8;3.9;17.1;1.7;3.0;25;0.9;1.3;0.1;0.3;0.1;11.9;0.1;5.8;0.1;5.9;2.5;0.1;5.9;15;0.2;43;0.22;28;0.1;0;1398
Jędrzej Grobelny;GK;24;€40K - €425K;PKO BP Ekstraklasa;Poland;0.0;3.6;0%;0.0;0%;71;-0.1;0.0;0.0;81%;8.1;-2.15;2.9;0.0;0.0;0.0;0.0;0.0;89;24.1;0.0;0.0;0.0;0.0;0;0.0;0.0;0.0;0.0;0.0;5.7;0.0;0.0;0.0;0.0;0.0;0.0;0.0;0;0.0;0;0;1;0.0;19;1383
Michał Kaput;DM, M (C);28;€30K - €325K;PKO BP Ekstraklasa;Poland;2.5;10.1;9%;0.0;0%;0;0.0;1.1;0.6;90%;9.2;0;1.2;6.3;1.3;0.7;0.3;0.1;0;45.3;4.9;9.0;1.1;0.1;12;0.0;0.7;0.1;0.5;0.0;11.2;0.0;3.0;0.2;0.2;1.9;0.1;0.2;0;0.4;63;-0.72;14;0.0;0;1521
Kryspin Szcześniak;D (RC);25;€120K;PKO BP Ekstraklasa;Poland;2.5;13.1;33%;0.0;33%;0;0.0;0.0;0.0;88%;3.2;0;0.3;3.2;0.7;0.2;0.1;0.1;0;41.2;2.5;3.0;0.0;0.2;2;0.0;0.3;0.4;0.3;0.1;9.3;0.0;4.8;0.0;0.0;2.5;0.0;0.0;0;0.9;52;0.54;3;0.0;0;1015
Igor Strzałek;M (C), AM (RLC);22;€65K - €650K;PKO BP Ekstraklasa;Poland;0.6;8.0;42%;0.0;17%;0;0.0;0.5;0.3;90%;14.9;0;0.1;2.3;0.6;0.2;0.4;0.4;0;15.6;0.6;4.4;0.7;0.5;3;0.0;0.9;0.0;0.0;0.2;4.8;0.1;1.5;0.2;0.8;0.0;0.2;1.7;8;0.0;0;0.69;3;0.1;0;1199
Kevin Radulović;GK;23;€30K - €300K;Premier Division;Austria;0.0;2.6;0%;0.0;0%;73;0.4;0.1;0.0;80%;9.3;5.57;5.8;0.0;0.0;0.0;0.0;0.0;88;26.4;0.0;0.0;0.1;0.0;0;0.0;0.0;0.0;0.0;0.0;5.6;0.0;0.0;0.0;0.0;0.0;0.0;0.0;0;0.0;0;0;1;0.0;16;1397
Mohamed Sankoh;ST (C);22;€150K - €1.5M;3. Liga;Germany;1.0;2.6;53%;0.0;24%;0;0.0;1.3;0.3;89%;8.0;0;0.2;1.7;0.5;0.1;0.6;1.2;0;35.2;1.0;7.0;1.3;0.7;2;0.4;2.3;0.0;0.1;0.6;11.4;0.4;7.7;0.1;1.8;3.1;0.2;1.8;22;0.1;40;3.88;3;0.4;0;1762
German Barkovskiy;ST (C);23;€28K - €275K;PKO BP Ekstraklasa;Poland;0.6;1.9;45%;0.0;10%;0;0.0;1.3;0.1;87%;23.0;0;0.1;1.5;0.7;0.3;0.8;1.2;0;27.5;0.9;5.0;1.3;0.7;5;0.1;2.7;0.0;0.0;0.3;9.9;0.4;9.3;0.1;0.3;2.9;0.1;0.3;25;0.1;32;-1.64;6;0.4;0;1352
Isaías Delpupo;AM (C);23;€45K - €450K;Jupiler Pro League;Belgium;1.5;8.8;41%;0.1;11%;0;0.0;2.0;0.2;89%;22.8;0;0.5;5.2;1.3;0.6;0.3;0.5;0;42.0;3.0;9.1;2.1;1.1;18;0.2;1.3;0.0;0.3;0.1;11.6;0.1;3.0;0.2;0.7;0.4;0.3;1.7;18;0.0;12;0.56;27;0.1;0;2516
Sekou Fofana;D/WB (L);23;Unknown;Super League;Switzerland;1.9;5.4;8%;0.0;0%;0;0.0;0.6;0.2;84%;8.7;0;0.8;3.8;1.1;1.9;0.0;0.0;0;41.1;3.9;8.5;0.6;0.4;68;0.1;0.3;0.7;0.4;0.0;6.5;0.0;2.2;0.1;0.9;1.1;0.2;1.0;8;0.1;51;-1.47;76;0.0;0;3254
David Suárez;D (C), DM, M (C);25;€45K - €425K;3. Liga;Germany;3.3;12.1;30%;0.1;3%;0;0.0;0.7;0.1;88%;6.8;0;1.5;7.9;2.1;1.3;1.0;0.4;0;51.2;4.1;9.5;0.7;0.2;32;0.0;1.2;0.4;0.6;0.0;12.0;0.0;4.7;0.0;0.0;3.3;0.0;0.0;0;0.3;70;-0.02;50;0.0;0;2283
David Mokwa;AM (RLC), ST (C);22;€400K - €4.1M;Bundesliga 2;Germany;0.7;1.6;52%;0.0;8%;0;0.0;0.8;0.1;91%;19.5;0;0.3;1.6;0.3;0.2;0.7;1.6;0;27.1;0.4;5.6;0.8;1.0;3;0.1;3.0;0.0;0.1;0.3;10.8;0.4;7.1;0.1;0.3;1.8;0.1;0.3;40;0.1;25;-2;4;0.4;0;1437
Tarik Gözüsirin;DM, M/AM (C);24;€55K - €550K;3. Liga;Germany;2.3;8.3;48%;0.0;5%;0;0.0;1.3;0.1;89%;9.1;0;0.5;9.4;2.5;2.1;0.7;0.4;0;67.2;7.5;13.0;1.3;0.7;49;0.1;0.9;0.2;0.3;0.0;12.0;0.1;2.0;0.1;0.5;0.7;0.0;0.6;21;0.1;38;-0.56;61;0.1;0;2076
Jano ter Horst;D (RC), WB (R);23;€750K - €1.8M;Bundesliga 2;Germany;3.6;9.8;0%;0.1;0%;0;0.0;0.8;0.1;85%;15.7;0;1.2;7.0;1.9;1.5;0.2;0.0;0;52.9;7.1;16.2;0.8;1.0;48;0.3;0.6;0.8;0.6;0.0;11.6;0.1;5.4;0.1;2.1;3.6;0.1;2.1;15;0.5;67;-2.3;63;0.1;0;2825
Phil Beckhoff;M (L), AM (RL), ST (C);26;€35K - €350K;3. Liga;Germany;1.4;4.7;56%;0.0;18%;0;0.0;2.2;1.0;88%;16.6;0;0.4;7.8;1.6;1.7;1.0;1.0;0;45.3;3.8;13.0;3.1;6.7;45;1.7;1.7;0.0;0.2;0.3;12.1;0.2;2.8;0.3;7.1;0.5;0.2;11.1;22;0.0;18;2.83;53;0.2;0;2321
Jakub Kolan;D/WB (R), DM;21;€210K - €2.1M;PKO BP Ekstraklasa;Poland;3.4;12.4;9%;0.1;9%;0;0.0;0.8;0.1;85%;9.3;0;0.8;5.4;1.4;0.7;0.1;0.1;0;53.5;6.5;11.1;0.8;0.6;11;0.2;0.7;0.3;0.6;0.1;10.7;0.1;4.0;0.2;1.9;2.1;0.1;1.9;9;0.2;52;-0.12;14;0.1;0;1432
Maximilian Schmid;AM (RL), ST (C);23;€45K - €425K;3. Liga;Germany;1.1;3.0;62%;0.0;23%;0;0.0;0.4;0.2;90%;5.2;0;0.4;2.8;1.1;0.7;0.8;1.1;0;21.7;0.8;6.1;0.6;0.6;10;0.1;1.8;0.1;0.2;0.4;11.0;0.2;8.3;0.1;0.4;1.3;0.0;1.1;20;0.1;15;2.72;10;0.2;0;1279
Lasse Günther;D/WB/M/AM (L);23;€200K - €2M;Bundesliga 2;Germany;3.4;9.6;0%;0.1;0%;0;0.0;0.9;0.0;86%;15.9;0;1.1;6.5;2.1;2.3;0.1;0.0;0;55.8;6.7;15.9;0.9;0.6;32;0.4;0.2;0.3;0.4;0.0;12.4;0.0;3.4;0.0;1.8;1.3;0.0;1.8;20;0.5;38;-0.5;39;0.0;0;1270
Marek Janssen;AM (LC), ST (C);29;€40K - €425K;3. Liga;Germany;0.9;3.2;41%;0.0;13%;0;0.0;1.1;0.2;90%;9.0;0;0.2;3.3;0.8;0.0;1.0;1.3;0;27.8;0.6;7.0;1.2;1.0;0;0.1;3.2;0.0;0.2;0.4;11.3;0.4;9.0;0.2;0.4;1.6;0.2;0.5;33;0.2;18;0.63;2;0.4;0;1086
Mattis Hoppe;D (R), WB (RL);22;€65K - €650K;3. Liga;Germany;3.2;10.1;54%;0.0;0%;0;0.0;1.4;0.4;89%;8.8;0;0.9;7.7;2.0;1.7;0.4;0.2;0;54.8;8.1;15.5;1.4;1.2;51;0.8;0.4;0.3;0.6;0.0;12.4;0.0;3.8;0.2;2.8;1.3;0.1;2.8;28;0.2;35;-0.65;62;0.0;0;2696
Niklas Wiemann;D (LC);27;€170K - €1.7M;3. Liga;Germany;4.7;14.5;31%;0.1;19%;0;0.0;0.3;0.1;89%;7.2;0;1.3;1.9;0.5;0.9;0.1;0.1;0;59.3;5.3;7.6;0.3;0.0;33;0.1;0.4;0.4;0.5;0.1;10.9;0.0;7.3;0.0;0.2;5.4;0.0;0.2;50;0.9;74;-0.02;40;0.1;0;3309
Michael Kostka;D (RL), WB (R);22;€22K - €210K;3. Liga;Germany;3.2;9.8;40%;0.3;0%;0;0.0;0.6;0.2;89%;11.8;0;1.5;7.6;2.2;2.7;0.4;0.2;0;61.6;9.9;14.4;0.6;1.0;32;0.5;0.4;0.2;0.6;0.0;13.1;0.0;3.7;0.0;3.8;0.6;0.1;3.8;13;0.1;16;-0.23;38;0.0;0;1085
Elijah Krahn;D (C), DM, M (C);22;€220K - €2.2M;3. Liga;Germany;2.9;8.8;38%;0.1;3%;0;0.0;1.4;0.2;88%;10.1;0;1.0;7.3;2.0;1.3;1.0;0.5;0;81.1;9.6;13.8;1.4;0.2;38;0.2;1.2;0.2;0.4;0.0;12.6;0.1;3.1;0.1;0.4;1.5;0.1;0.4;50;0.2;49;-0.52;45;0.1;0;2557
Sidi Sané;M (RL), AM (RLC);23;€100K - €1M;Bundesliga 2;Germany;1.5;3.2;35%;0.1;25%;0;0.0;1.5;0.0;88%;18.6;0;0.3;8.8;1.7;1.1;0.4;0.6;0;44.6;4.0;12.2;1.5;5.1;13;0.8;1.7;0.0;0.1;0.4;11.6;0.4;4.6;0.1;3.2;2.3;0.2;3.2;23;0.1;50;0.41;19;0.4;0;1067
Johannes Schenk;GK;23;€240K - €2.4M;Bundesliga 2;Germany;0.0;3.3;0%;0.0;0%;72;0.1;0.0;0.0;83%;8.8;2.89;4.0;0.0;0.0;0.0;0.0;0.0;89;24.3;0.0;0.0;0.0;0.0;1;0.0;0.0;0.0;0.0;0.0;5.0;0.0;0.0;0.0;0.0;0.0;0.0;0.0;0;0.0;0;0;6;0.0;36;2887
Justin Janitzek;D (LC), WB (L);22;€180K - €1.8M;3. Liga;Germany;3.3;12.3;46%;0.1;0%;0;0.0;0.3;0.1;88%;6.9;0;1.1;1.7;0.5;0.5;0.0;0.2;0;54.7;4.9;5.6;0.3;0.1;18;0.0;0.3;0.6;0.9;0.0;10.5;0.0;6.8;0.0;0.0;5.1;0.1;0.0;0;1.1;76;-0.78;23;0.0;0;3420
Juan Cabrera;M (C), AM (RC);23;€130K - €450K;Bundesliga 2;Germany;1.4;7.1;26%;0.1;6%;0;0.0;1.6;0.1;88%;25.6;0;0.3;5.1;1.5;0.6;0.6;0.5;0;41.7;2.3;10.2;1.6;1.3;17;0.1;1.8;0.0;0.1;0.1;12.0;0.2;4.1;0.1;1.1;1.6;0.2;1.1;10;0.1;39;-2.74;25;0.2;0;2360
Eric Uhlmann;D (C), DM, M (C);23;€45K - €450K;3. Liga;Germany;3.9;10.5;50%;0.1;50%;0;0.0;0.2;0.0;92%;4.3;0;1.3;2.7;1.0;0.6;0.1;0.1;0;50.0;3.7;6.2;0.2;0.0;21;0.0;0.2;0.4;0.6;0.1;10.5;0.0;5.3;0.0;0.0;3.0;0.0;0.0;0;0.6;56;0.79;29;0.1;0;2915
Marcel Wenig;AM (RLC), ST (C);22;€150K - €1.5M;3. Liga;Germany;1.6;4.6;45%;0.0;15%;0;0.0;1.4;0.3;86%;9.8;0;0.3;4.0;0.9;0.4;0.9;0.9;0;42.7;2.5;10.4;1.5;1.8;12;0.1;1.9;0.2;0.2;0.3;12.3;0.3;5.8;0.1;0.6;2.2;0.2;1.0;20;0.1;38;0.8;19;0.3;0;2527
Takahiro Akimoto;D/WB (L);28;€190K;Jupiler Pro League;Belgium;2.8;9.6;0%;0.2;0%;0;0.0;1.3;0.0;87%;16.9;0;1.0;7.5;2.1;2.3;0.0;0.0;0;50.9;5.9;20.2;1.3;1.2;28;0.8;0.0;1.0;0.3;0.0;12.4;0.0;2.5;0.1;5.3;1.3;0.2;5.3;15;0.3;50;0;34;0.0;0;1074
Giannis Boziaris;M/AM (C), ST (C);23;€45K - €450K;3. Liga;Germany;1.3;6.1;55%;0.1;19%;0;0.0;1.2;0.4;89%;9.6;0;0.4;6.5;1.4;1.1;1.5;1.4;0;49.7;4.5;10.9;1.8;1.1;21;0.4;2.5;0.1;0.3;0.5;12.0;0.2;2.9;0.1;1.4;0.7;0.1;4.4;20;0.1;26;5.02;25;0.2;0;1693
Tim Civeja;DM, M/AM (C);24;€75K - €750K;3. Liga;Germany;2.1;7.7;24%;0.0;8%;0;0.0;1.1;0.1;88%;10.5;0;0.4;5.5;1.2;0.9;1.4;0.5;0;55.3;4.6;9.8;1.3;1.2;12;0.2;1.9;0.1;0.2;0.2;12.4;0.1;3.2;0.1;0.6;1.3;0.4;1.3;17;0.1;40;0.35;19;0.1;0;1193
Philip Fahrner;D/WB (R), M (RC), AM (R);23;€26K - €250K;3. Liga;Germany;2.5;10.4;30%;0.1;0%;0;0.0;1.1;0.2;87%;12.6;0;1.0;5.2;1.2;1.1;0.5;0.2;0;55.7;8.0;18.0;1.2;1.2;16;0.6;0.7;0.5;0.6;0.0;13.1;0.0;5.0;0.1;3.9;2.7;0.0;5.3;13;0.3;55;-0.5;17;0.0;0;1281
Jannik Hofmann;D/WB (R);24;€45K - €450K;3. Liga;Germany;3.8;11.4;42%;0.0;0%;0;0.0;1.6;0.3;87%;11.8;0;1.4;7.0;1.9;1.4;0.4;0.2;0;55.0;7.1;16.8;2.1;1.3;34;0.8;0.5;0.3;0.5;0.0;12.6;0.0;4.2;0.2;3.8;1.6;0.1;5.7;22;0.2;37;-0.45;47;0.0;0;2134
Devin Angleberger;DM, M (C);23;€20K - €65K;3. Liga;Germany;3.0;8.7;42%;0.0;4%;0;0.0;1.3;0.3;87%;10.9;0;1.6;10.2;2.8;2.0;1.6;0.8;0;57.3;4.8;17.9;1.5;1.1;25;0.2;2.0;0.4;0.7;0.1;12.9;0.1;2.0;0.1;1.1;0.7;0.2;3.3;14;0.1;32;-0.44;31;0.1;0;1102
Florian Bähr;D (LC), WB/M (L);23;€220K - €750K;3. Liga;Germany;3.4;11.3;25%;0.1;0%;0;0.0;1.3;0.4;87%;13.3;0;1.4;7.5;1.9;2.3;0.4;0.1;0;54.3;6.6;19.2;1.6;1.2;49;0.6;0.6;0.3;0.7;0.0;12.8;0.0;4.3;0.1;4.8;2.4;0.0;6.4;13;0.7;55;-0.69;62;0.0;0;1941
Felix Keidel;D/WB (RL), DM, M (C);22;€325K - €3.3M;Bundesliga 2;Germany;2.9;11.3;14%;0.0;0%;0;0.0;1.2;0.2;86%;14.3;0;1.3;6.6;2.1;2.8;0.1;0.1;0;56.5;7.7;17.5;1.8;0.9;50;0.4;0.4;0.3;0.5;0.0;12.0;0.1;4.1;0.1;2.7;1.6;0.1;7.7;17;0.2;40;-0.92;54;0.1;0;1621
Kushtrim Asallari;M (R), AM (RC);23;€100K;3. Liga;Germany;1.9;6.0;58%;0.0;8%;0;0.0;2.8;0.8;87%;15.2;0;0.3;8.6;1.5;0.8;0.8;1.0;0;47.2;4.2;13.4;3.0;2.8;11;1.5;1.8;0.2;0.3;0.1;12.5;0.1;3.9;0.4;5.9;1.1;0.3;9.0;18;0.0;29;-0.14;14;0.1;0;1292
Arne Schulz;GK;23;€30K - €325K;3. Liga;Germany;0.5;9.8;0%;0.0;0%;79;-0.0;0.0;0.0;69%;12.5;-0.12;6.3;0.0;0.0;0.0;0.0;0.0;88;27.1;1.5;0.3;0.0;0.0;0;0.0;0.0;0.0;0.0;0.0;6.6;0.0;0.0;0.0;0.0;0.0;0.0;0.0;0;0.0;0;0;1;0.0;41;2550
Pierre Nadjombe;D/WB (RL);23;€110K - €350K;3. Liga;Germany;4.1;12.3;31%;0.1;0%;0;0.0;1.4;0.3;88%;13.8;0;1.3;7.1;2.0;2.2;0.4;0.1;0;56.9;9.2;18.5;1.5;2.0;76;1.1;0.5;0.1;0.5;0.0;12.8;0.0;4.3;0.2;7.0;2.5;0.3;7.1;15;0.1;59;-0.44;97;0.0;0;3163
Florian Engelhardt;M (C), AM (LC);22;€30K - €300K;3. Liga;Germany;2.0;5.4;47%;0.0;6%;0;0.0;1.1;0.4;88%;8.9;0;0.8;5.9;1.1;1.1;1.1;1.0;0;45.4;2.8;15.7;1.1;1.0;26;0.3;2.0;0.3;0.4;0.1;12.8;0.2;5.3;0.1;1.3;1.8;0.2;1.3;22;0.0;33;-0.99;33;0.2;0;2153
Verthomy Boboy;D (C);23;€50K - €500K;3. Liga;Germany;2.8;9.7;30%;0.2;0%;0;0.0;0.1;0.0;87%;6.4;0;1.9;2.0;0.6;0.8;0.2;0.2;0;46.3;2.4;4.9;0.1;0.0;14;0.0;0.6;0.9;0.9;0.0;10.6;0.1;4.7;0.0;0.0;3.0;0.1;0.0;0;1.1;64;-1.32;17;0.1;0;1620
Maximilian Braune;GK;22;€230K - €2.3M;3. Liga;Germany;0.9;9.8;0%;0.0;0%;73;-0.3;0.0;0.0;74%;10.2;-9.5;4.5;0.0;0.0;0.0;0.0;0.0;85;25.7;1.1;0.1;0.0;0.0;0;0.0;0.0;0.0;0.0;0.0;6.7;0.0;0.0;0.0;0.0;0.0;0.0;0.0;0;0.0;0;0;11;0.0;58;3240
Noah Kruth;GK;22;€60K - €600K;Bundesliga 2;Germany;0.0;2.5;0%;0.0;0%;82;0.4;0.0;0.0;73%;9.2;4.38;2.8;0.0;0.0;0.0;0.0;0.0;89;22.7;0.0;0.0;0.0;0.0;0;0.0;0.0;0.0;0.0;0.0;4.9;0.0;0.0;0.0;0.0;0.0;0.0;0.0;0;0.0;0;0;1;0.0;10;1053
Janne Sietan;D (RC), DM, M (C);23;€8K - €75K;3. Liga;Germany;2.8;10.1;38%;0.1;5%;0;0.0;0.6;0.0;86%;8.1;0;1.4;5.9;1.3;1.4;0.8;0.5;0;52.9;4.4;14.0;0.6;0.3;44;0.0;1.3;0.1;0.2;0.1;11.7;0.1;5.6;0.0;0.1;3.4;0.0;0.3;0;1.0;60;0.23;60;0.1;0;2774
Niklas Jessen;D/WB (R), DM, M (C);22;€16K - €150K;3. Liga;Germany;3.3;12.8;36%;0.1;7%;0;0.0;0.8;0.1;90%;7.2;0;1.0;6.3;1.3;1.5;0.5;0.2;0;56.7;7.3;16.8;0.8;0.6;37;0.2;0.6;0.2;0.4;0.0;12.3;0.0;3.7;0.1;1.2;2.1;0.1;1.2;17;0.2;58;0.42;42;0.0;0;2154
Philipp Schulze;GK;23;€220K - €700K;3. Liga;Germany;0.5;12.0;0%;0.0;0%;75;-0.1;0.1;0.0;81%;7.7;-4.24;4.3;0.0;0.0;0.0;0.0;0.0;85;26.8;1.3;0.1;0.1;0.0;0;0.0;0.0;0.0;0.0;0.0;4.6;0.0;0.0;0.0;0.0;0.0;0.0;0.0;0;0.0;0;0;0;0.0;57;3240
Niko Vukančić;D (C);24;€210K - €700K;3. Liga;Germany;3.6;11.3;40%;0.2;20%;0;0.0;0.2;0.1;90%;4.4;0;1.1;1.8;0.8;0.6;0.0;0.1;0;41.8;2.4;5.4;0.2;0.1;19;0.1;0.2;0.6;0.6;0.0;10.2;0.0;6.7;0.0;0.1;4.6;0.0;0.1;50;1.1;69;0.44;22;0.0;0;2913
Noel Eichinger;AM (RLC);24;€26K - €250K;3. Liga;Germany;1.6;5.9;48%;0.0;15%;0;0.0;2.2;0.5;86%;12.1;0;0.4;7.3;2.0;1.5;1.0;1.1;0;46.3;4.7;14.1;2.4;3.4;30;0.7;2.4;0.2;0.3;0.3;12.5;0.2;5.3;0.2;3.1;1.7;0.3;4.3;20;0.0;33;1.98;41;0.2;0;1819
Florian Micheler;DM, M/AM (C);20;€450K - €4.6M;3. Liga;Germany;1.9;4.6;45%;0.0;16%;0;0.0;1.5;0.3;88%;9.7;0;0.7;6.0;1.4;1.1;1.2;0.8;0;50.3;5.0;15.5;1.9;1.0;20;0.3;1.7;0.4;0.6;0.3;12.1;0.1;2.4;0.2;1.0;0.8;0.2;4.6;14;0.3;34;2.38;25;0.1;0;1634
Paul Lehmann;D (RC), WB (R);21;€75K - €750K;3. Liga;Germany;3.6;17.4;42%;0.2;17%;0;0.0;1.4;0.3;79%;17.1;0;1.6;6.8;1.4;2.0;0.6;0.6;0;54.9;7.7;19.1;1.4;0.8;36;1.2;1.3;0.6;1.3;0.2;12.9;0.1;7.5;0.1;6.0;6.0;0.2;6.0;20;0.8;81;2.14;51;0.1;0;1618
Filip Luberecki;D/WB/M (L);21;€60K - €600K;PKO BP Ekstraklasa;Poland;3.3;7.3;0%;0.0;0%;0;0.0;1.1;0.1;85%;20.6;0;1.0;6.6;1.4;0.8;0.1;0.0;0;54.9;6.0;13.9;1.1;1.3;24;0.5;0.1;0.7;0.7;0.0;11.8;0.0;4.1;0.0;3.5;2.0;0.0;3.7;13;0.3;50;-0.45;37;0.0;0;2572
Tim Kloss;D (C), DM, M (C);21;€110K - €1.1M;3. Liga;Germany;3.5;9.2;29%;0.1;0%;0;0.0;0.6;0.2;91%;5.8;0;1.1;4.3;1.0;0.8;0.8;0.3;0;53.8;6.2;8.6;0.8;0.1;31;0.0;1.0;0.6;0.9;0.0;11.8;0.0;3.6;0.1;0.1;2.7;0.1;1.5;11;0.5;75;-1.44;43;0.0;0;3591
Luka Trslić;D (RC);25;€85K - €275K;3. Liga;Germany;4.1;15.3;100%;0.3;33%;0;0.0;0.1;0.0;86%;7.9;0;1.4;3.7;1.2;0.8;0.0;0.2;0;54.7;2.7;5.9;0.2;0.1;15;0.0;0.2;0.6;0.6;0.1;10.5;0.0;6.7;0.0;0.2;5.1;0.0;0.2;0;1.3;77;0.89;18;0.0;0;1615
Gianluca Swajkowski;D (C), DM;21;€26K - €250K;3. Liga;Germany;2.9;8.4;31%;0.0;0%;0;0.0;1.1;0.1;90%;5.9;0;0.8;4.1;1.0;0.8;0.6;0.2;0;58.2;6.3;9.2;1.1;0.1;17;0.1;0.7;0.5;0.5;0.0;11.7;0.1;2.7;0.0;0.1;1.6;0.0;0.1;66;0.0;59;-1.19;26;0.1;0;1955
Nico Grimbs;M (C), AM (RC), ST (C);22;€9K - €85K;3. Liga;Germany;1.7;4.9;56%;0.0;18%;0;0.0;1.2;0.3;90%;7.3;0;0.6;6.2;1.5;0.8;0.9;1.1;0;40.9;1.3;10.7;1.2;1.0;29;0.3;1.9;0.2;0.3;0.4;12.9;0.2;5.4;0.1;1.6;1.7;0.1;1.6;20;0.1;32;3.84;41;0.3;0;3280
Philipp Müller;DM, M (C);22;€275K - €2.8M;3. Liga;Germany;2.8;8.0;35%;0.0;4%;0;0.0;0.7;0.1;90%;5.7;0;0.7;7.6;2.1;1.9;0.6;0.3;0;50.1;6.0;12.0;0.7;0.2;53;0.0;0.8;0.3;0.4;0.0;12.2;0.0;2.3;0.1;0.2;1.4;0.0;0.2;20;0.1;61;-0.24;72;0.0;0;2549
Mohamed Koné;GK;24;€75K - €750K;Jupiler Pro League;Belgium;0.0;3.0;0%;0.0;0%;77;0.4;0.0;0.0;82%;8.4;8.09;3.3;0.0;0.0;0.0;0.0;0.0;88;24.2;0.0;0.0;0.0;0.0;0;0.0;0.0;0.0;0.0;0.0;5.6;0.0;0.0;0.0;0.0;0.0;0.0;0.0;0;0.0;0;0;1;0.0;19;1846
Yiğit Karademir;D (C), DM;22;€45K - €425K;3. Liga;Germany;3.9;13.0;67%;0.3;11%;0;0.0;0.2;0.1;85%;8.0;0;1.4;1.8;0.6;0.7;0.0;0.2;0;49.7;3.2;4.7;0.2;0.0;18;0.0;0.4;0.8;0.9;0.0;10.0;0.0;8.2;0.0;0.0;6.5;0.1;0.0;0;1.1;80;0.2;26;0.0;0;2266
Jordan Majchrzak;AM (RC), ST (C);21;€35K - €325K;3. Liga;Germany;1.3;3.0;53%;0.0;18%;0;0.0;1.1;0.2;89%;7.2;0;0.3;3.9;0.9;0.2;0.8;1.3;0;34.8;1.1;8.2;1.1;0.9;3;0.1;2.5;0.3;0.3;0.5;11.6;0.4;8.4;0.2;1.2;3.3;0.2;1.2;11;0.2;40;0.88;5;0.4;0;1346
Marko Ilić;WB (RL), ST (C);26;€0 - €20K;3. Liga;Germany;0.8;2.9;47%;0.0;14%;0;0.0;1.6;0.3;88%;9.0;0;0.4;1.8;0.4;0.3;1.0;0.9;0;31.1;2.5;9.7;2.1;1.0;9;0.4;2.0;0.0;0.0;0.3;11.7;0.3;7.0;0.2;1.9;1.3;0.1;5.1;14;0.0;19;-0.5;12;0.3;0;3028
Martin Ens;D (C), DM, M (C);24;€55K - €550K;3. Liga;Germany;4.3;13.2;50%;0.2;7%;0;0.0;0.2;0.0;91%;4.6;0;1.4;2.3;0.5;0.7;0.1;0.2;0;44.9;2.8;5.2;0.2;0.1;28;0.0;0.3;0.4;0.5;0.0;10.4;0.0;6.4;0.0;0.0;4.6;0.0;0.0;0;1.1;72;0.06;33;0.0;0;3874
Michał Głogowski;AM (C), ST (C);20;€110K - €1.1M;PKO BP Ekstraklasa;Poland;0.4;1.2;64%;0.0;20%;0;0.0;0.7;0.0;91%;21.2;0;0.2;1.2;0.6;0.1;0.4;1.4;0;26.7;0.5;3.6;0.7;0.3;1;0.1;2.2;0.0;0.0;0.4;10.3;0.3;11.3;0.0;0.4;5.9;0.0;0.4;20;0.3;52;1.78;3;0.3;0;1017
Evan Eghosa;M/AM (C);20;€700K - €1.8M;Premier Division;Austria;1.4;9.2;38%;0.0;13%;0;0.0;1.2;0.1;91%;24.4;0;0.4;4.4;1.2;0.6;0.4;0.4;0;40.6;1.4;11.0;1.2;1.4;9;0.1;1.2;0.0;0.1;0.1;12.4;0.1;3.2;0.1;1.1;0.9;0.1;1.1;13;0.1;29;1.03;13;0.1;0;1249
Benjamin Zank;AM (RC), ST (C);21;€75K - €750K;3. Liga;Germany;1.3;4.3;39%;0.1;19%;0;0.0;1.7;0.2;88%;9.3;0;0.9;4.5;1.1;0.6;1.3;0.9;0;32.4;1.9;9.0;1.7;1.2;7;0.0;2.4;0.2;0.4;0.5;11.7;0.2;7.0;0.1;1.0;2.0;0.1;1.0;0;0.2;28;3.4;11;0.2;0;1139
Niklas Castelle;AM (RLC), ST (C);23;€20K - €200K;3. Liga;Germany;1.6;4.3;50%;0.0;8%;0;0.0;1.3;0.4;89%;8.7;0;0.2;6.2;1.5;1.1;0.4;1.1;0;37.2;1.9;11.9;1.3;1.8;37;0.4;2.3;0.0;0.1;0.2;11.9;0.3;6.8;0.2;3.0;2.1;0.2;3.0;14;0.0;31;-3.76;52;0.3;0;2945
Emmanuel Iwe;D/WB/M/AM (L);25;€55K - €550K;3. Liga;Germany;2.7;7.3;62%;0.0;8%;0;0.0;1.8;0.5;85%;14.8;0;0.8;10.9;3.1;2.2;1.0;1.0;0;40.1;4.2;19.8;1.8;5.1;36;1.3;1.6;0.2;0.4;0.1;13.3;0.1;3.8;0.2;5.5;1.0;0.2;6.6;19;0.0;25;0.06;48;0.1;0;1496
Stefano Marino;AM (C), ST (C);22;€170K - €1.7M;Bundesliga 2;Germany;0.7;0.9;38%;0.0;10%;0;0.0;0.7;0.0;91%;24.1;0;0.2;1.4;0.6;0.2;0.7;0.9;0;27.1;0.4;8.5;0.7;0.7;6;0.0;2.5;0.0;0.1;0.2;10.5;0.2;7.5;0.1;0.2;2.5;0.0;0.2;0;0.0;33;-0.17;6;0.2;0;2587
Kevin Krumme;D (RC), DM;22;€150K - €1.5M;Bundesliga 2;Germany;2.8;10.5;25%;0.0;0%;0;0.0;0.4;0.1;85%;4.8;0;0.6;3.1;1.1;0.4;0.1;0.1;0;44.2;2.9;5.7;0.4;0.0;5;0.0;0.3;0.4;0.3;0.0;10.0;0.1;4.5;0.0;0.2;3.1;0.0;0.2;0;0.8;70;-1.52;8;0.1;0;1059
Luan Simnica;DM, M (C);22;€70K - €700K;3. Liga;Germany;3.1;8.8;42%;0.0;5%;0;0.0;0.7;0.2;91%;6.8;0;1.1;8.0;1.8;1.8;0.3;0.3;0;56.8;6.0;11.5;0.9;0.2;51;0.0;0.7;0.1;0.2;0.0;12.0;0.1;3.3;0.1;0.2;1.8;0.2;2.0;6;0.5;55;-0.7;79;0.1;0;2584
Joshua Eze;D (C), DM;23;€9K - €90K;3. Liga;Germany;2.6;8.5;47%;0.2;7%;0;0.0;0.5;0.2;90%;4.6;0;1.0;2.8;0.7;0.7;0.3;0.2;0;42.1;4.7;9.2;0.5;0.1;26;0.0;0.4;0.4;0.5;0.0;11.7;0.0;3.7;0.0;0.1;2.5;0.1;0.2;14;0.8;68;0.55;39;0.0;0;3529
Jakub Lewicki;D/WB (L);20;€275K - €900K;PKO BP Ekstraklasa;Poland;3.4;6.3;0%;0.1;0%;0;0.0;1.8;0.1;83%;21.9;0;0.9;5.9;1.8;1.6;0.0;0.0;0;53.3;5.6;16.7;1.8;0.8;24;1.0;0.2;0.7;0.3;0.0;12.5;0.0;5.4;0.0;4.5;3.0;0.0;4.5;23;0.7;55;-0.62;28;0.0;0;1378
Ramien Safi;M/AM (RL), ST (C);26;€18K - €180K;3. Liga;Germany;2.6;7.5;49%;0.0;5%;0;0.0;2.0;0.7;91%;11.8;0;0.3;9.1;2.3;2.2;0.9;0.9;0;58.5;5.4;13.8;2.1;2.8;48;0.8;1.9;0.1;0.3;0.1;12.5;0.2;3.8;0.3;4.5;0.9;0.2;5.1;17;0.0;25;-1.67;55;0.2;0;1924
Michael Neuner;DM, M (C);19;Unknown;Premier Division;Austria;2.5;8.1;17%;0.0;17%;0;0.0;1.1;0.0;85%;9.5;0;1.0;5.3;1.6;0.8;0.2;0.1;0;50.6;4.9;9.5;1.2;0.2;11;0.0;0.4;0.2;0.4;0.1;11.8;0.0;3.3;0.2;0.1;1.7;0.2;0.1;0;0.5;51;0.72;17;0.0;0;1274
Alex Niziołek;AM (RLC), ST (C);19;Unknown;PKO BP Ekstraklasa;Poland;0.6;1.1;44%;0.0;14%;0;0.0;1.2;0.2;90%;22.2;0;0.2;1.1;0.9;0.3;0.8;1.1;0;27.2;0.7;3.9;1.2;0.6;5;0.2;2.6;0.0;0.2;0.4;9.7;0.3;10.4;0.1;0.5;2.3;0.1;0.5;40;0.1;22;1.39;7;0.3;0;1759
Silas Prüfrock;GK;21;€210K - €2.1M;Bundesliga 2;Germany;0.0;2.5;0%;0.0;0%;72;0.2;0.0;0.0;81%;11.9;3.45;2.5;0.0;0.0;0.1;0.0;0.0;85;22.7;0.0;0.0;0.0;0.0;1;0.0;0.0;0.0;0.0;0.0;5.3;0.0;0.0;0.0;0.0;0.0;0.0;0.0;0;0.0;0;0;2;0.0;22;1524
Anton Bäuerle;D/WB (L);21;€95K - €950K;Bundesliga 2;Germany;2.2;7.6;100%;0.1;0%;0;0.0;2.1;0.2;86%;22.1;0;0.7;9.7;2.9;2.4;0.0;0.1;0;47.0;5.0;24.9;2.2;2.9;37;0.7;0.1;0.1;0.7;0.0;12.4;0.0;3.1;0.1;6.4;1.7;0.1;11.6;11;0.2;55;-0.16;45;0.0;0;1378
Jan-Simon Symalla;AM (RLC);21;€1.6M - €3.6M;3. Liga;Germany;2.4;7.0;41%;0.0;8%;0;0.0;2.0;0.8;89%;15.5;0;0.2;11.0;3.0;2.5;0.7;0.7;0;45.1;4.6;20.0;3.2;3.6;53;1.1;1.8;0.2;0.5;0.1;12.8;0.2;3.2;0.3;6.1;0.5;0.6;12.8;14;0.0;16;-1.67;62;0.2;0;1888
Yannis Hör;D (RLC);21;€120K - €1.2M;3. Liga;Germany;3.5;13.7;71%;0.1;43%;0;0.0;0.8;0.1;86%;10.2;0;1.1;4.6;1.5;1.2;0.2;0.2;0;59.2;6.9;14.3;0.8;0.4;30;0.0;0.3;0.4;1.1;0.1;12.1;0.1;6.1;0.1;0.5;4.3;0.0;0.5;8;0.9;70;1.5;38;0.1;0;2230
Lars Strobl;D (RC);21;€80K - €275K;3. Liga;Germany;2.4;12.1;43%;0.0;0%;0;0.0;0.5;0.1;87%;8.5;0;1.2;5.2;1.4;0.9;0.1;0.2;0;50.4;4.4;11.8;0.5;0.1;15;0.2;0.4;0.3;0.7;0.0;11.6;0.0;6.3;0.0;1.5;4.4;0.0;1.5;11;0.7;70;-0.37;15;0.0;0;1513
Maxim Burghardt;D/WB/M (R);21;€12K - €120K;3. Liga;Germany;3.1;11.5;25%;0.2;0%;0;0.0;1.2;0.4;82%;14.7;0;1.3;9.7;2.6;3.1;0.4;0.2;0;47.1;4.7;20.6;1.3;2.2;57;1.0;0.7;0.2;0.4;0.0;13.1;0.0;4.9;0.1;6.2;2.4;0.1;6.2;16;0.7;50;-0.77;64;0.0;0;1631
Łukasz Trepka;D (C);19;Unknown;PKO BP Ekstraklasa;Poland;3.0;10.1;0%;0.1;0%;0;0.0;0.3;0.2;90%;4.1;0;1.0;2.9;0.9;0.4;0.1;0.0;0;43.5;2.6;3.3;0.3;0.0;8;0.0;0.2;0.4;0.7;0.0;9.5;0.0;6.5;0.0;0.0;4.6;0.0;0.0;0;0.6;71;-0.34;9;0.0;0;1755
Oscar Kabwit;AM (RLC);21;Unknown;Super League;Switzerland;0.1;0.3;30%;0.0;0%;0;0.0;0.2;0.0;74%;2.5;0;0.0;0.9;0.3;0.8;0.0;0.4;0;22.4;0.4;1.2;0.2;0.2;26;0.1;1.2;0.0;0.0;0.0;1.2;0.1;0.6;0.0;0.4;0.1;0.0;0.4;25;0.0;24;-3.99;41;0.1;0;3025
Mika Clausen;DM, M (C), AM (RC);23;€60K - €600K;3. Liga;Germany;2.4;6.4;37%;0.0;5%;0;0.0;0.9;0.3;91%;11.8;0;0.6;8.5;2.1;1.2;0.5;0.3;0;56.0;4.2;11.1;1.1;1.4;28;0.3;0.8;0.3;0.5;0.0;12.1;0.1;2.6;0.1;3.5;0.4;0.2;5.2;8;0.0;15;-0.79;44;0.1;0;2137
John Posselt;AM (L), ST (C);22;€75K - €750K;3. Liga;Germany;0.9;2.5;55%;0.0;19%;0;0.0;1.0;0.4;89%;7.3;0;0.4;2.5;0.5;0.2;1.3;1.7;0;27.0;0.8;7.5;1.0;1.2;5;0.2;3.0;0.0;0.0;0.6;11.0;0.4;9.5;0.2;1.1;3.1;0.3;1.2;14;0.0;33;4.13;8;0.4;0;2466
Wiktor Nowak;DM;21;€140K - €1.4M;PKO BP Ekstraklasa;Poland;2.7;12.0;39%;0.0;0%;0;0.0;1.0;0.4;91%;8.3;0;0.9;5.6;1.8;1.6;0.1;0.3;0;52.3;6.2;10.4;1.0;0.2;43;0.0;0.7;0.2;0.4;0.0;11.8;0.1;2.1;0.2;0.1;1.1;0.1;0.5;15;0.3;54;-2.56;49;0.1;0;2431
Denis Donkor;D/WB/M/AM (R);22;€150K - €1.5M;3. Liga;Germany;1.8;5.8;71%;0.1;7%;0;0.0;2.2;0.6;86%;14.6;0;1.0;9.1;2.1;1.2;0.6;0.6;0;43.5;5.6;18.5;2.2;5.8;18;1.2;0.9;0.1;0.5;0.1;12.8;0.1;2.5;0.2;7.3;0.2;0.3;7.3;16;0.0;8;-0.17;23;0.1;0;1387
Wojciech Jakubik;AM (L), ST (C);21;Unknown;PKO BP Ekstraklasa;Poland;1.5;2.0;20%;0.0;5%;0;0.0;1.7;0.4;86%;23.3;0;0.5;7.5;1.7;1.0;0.2;0.3;0;41.6;2.9;11.3;1.7;2.9;13;1.4;1.5;0.0;0.2;0.1;10.5;0.2;5.4;0.1;5.5;2.0;0.2;5.5;24;0.2;38;-1.71;15;0.2;0;1195
Noah Brdar;GK;20;€50K - €500K;3. Liga;Germany;0.3;8.8;0%;0.0;0%;78;-0.2;0.0;0.0;68%;9.7;-5.24;4.4;0.0;0.0;0.0;0.0;0.0;86;20.8;0.9;0.1;0.0;0.0;1;0.0;0.0;0.0;0.0;0.0;5.2;0.0;0.0;0.0;0.0;0.0;0.0;0.0;0;0.0;0;0;3;0.0;34;2725
Max Plath;D (RC), DM;20;€100K - €1M;3. Liga;Germany;2.9;9.6;31%;0.0;0%;0;0.0;0.6;0.2;90%;6.4;0;1.2;6.1;2.1;1.2;0.7;0.4;0;58.4;4.8;10.6;0.6;0.1;29;0.0;1.2;0.4;0.6;0.0;12.0;0.1;4.0;0.0;0.2;3.1;0.0;0.2;0;0.8;77;-1.45;40;0.1;0;2233
Ismail Badjie;D/WB/M (R), AM (RC);20;€750K - €1.8M;3. Liga;Germany;1.9;5.5;48%;0.0;14%;0;0.0;2.1;0.5;87%;12.5;0;0.4;9.1;2.5;1.0;1.5;1.1;0;40.2;2.9;15.8;2.1;3.4;13;0.7;2.2;0.1;0.2;0.3;12.9;0.2;5.0;0.2;5.4;1.2;0.3;5.6;12;0.2;23;1.37;21;0.2;0;1171
Enrique Aguilar;M (R), AM (C), ST (C);19;€150K - €1.5M;Premier Division;Austria;0.3;1.2;50%;0.0;12%;0;0.0;1.3;0.1;95%;22.4;0;0.2;1.1;0.7;0.3;0.9;1.4;0;26.9;0.7;3.3;1.3;0.2;4;0.3;2.8;0.0;0.0;0.3;10.6;0.2;10.7;0.0;0.6;3.4;0.0;0.6;57;0.1;32;1.2;4;0.2;0;1110
Leopold Wurm;D (C);20;€150K - €1.5M;3. Liga;Germany;4.4;13.2;33%;0.1;0%;0;0.0;0.3;0.0;88%;6.7;0;1.0;2.3;0.5;0.6;0.0;0.1;0;49.2;3.0;4.6;0.3;0.0;21;0.0;0.4;0.4;0.5;0.0;10.2;0.0;7.0;0.0;0.0;5.9;0.0;0.0;0;1.7;84;-1;26;0.0;0;3193
Robin Fabinski;D (RLC);22;€20K - €200K;3. Liga;Germany;4.6;15.9;25%;0.2;0%;0;0.0;0.3;0.0;89%;7.6;0;1.0;4.9;1.9;1.0;0.1;0.1;0;57.6;5.6;9.5;0.3;0.2;20;0.0;0.4;0.2;0.5;0.0;11.4;0.0;6.1;0.0;0.6;4.8;0.0;0.6;0;1.4;79;-0.86;26;0.0;0;1859
Nyamekye Awortwie-Grant;D (LC), DM;25;€100K - €1M;3. Liga;Germany;4.3;13.3;67%;0.1;0%;0;0.0;0.3;0.1;91%;5.3;0;1.2;2.5;0.5;0.6;0.0;0.2;0;52.4;4.7;5.1;0.3;0.1;10;0.0;0.3;0.2;0.3;0.0;10.4;0.0;8.1;0.0;0.1;6.3;0.1;0.2;0;1.1;77;-0.66;14;0.0;0;1574
Faton Ademi;DM, M (C), AM (R);19;€400K - €1.3M;3. Liga;Germany;2.4;9.0;46%;0.1;5%;0;0.0;1.3;0.2;90%;9.5;0;0.5;8.0;2.4;1.1;0.6;0.6;0;61.5;6.8;13.4;1.4;1.3;33;0.2;1.4;0.1;0.3;0.1;12.7;0.1;4.0;0.1;0.8;1.9;0.1;0.9;25;0.2;48;-1.35;49;0.1;0;2586
Julian Lüers;D (C), DM, M (C);20;€110K - €1.1M;3. Liga;Germany;2.6;8.5;33%;0.2;6%;0;0.0;0.4;0.1;89%;5.8;0;1.4;7.8;2.0;2.0;0.7;0.3;0;47.6;4.7;10.7;0.4;0.3;47;0.0;0.8;0.5;0.5;0.0;11.8;0.0;1.5;0.0;0.1;0.5;0.1;0.1;0;0.0;34;0.06;60;0.0;0;2076
Jerzy Napieraj;D (C), DM;21;€24K - €240K;PKO BP Ekstraklasa;Poland;2.8;8.6;33%;0.0;22%;0;0.0;0.4;0.1;86%;6.7;0;1.2;3.5;1.2;0.6;0.1;0.2;0;46.2;2.7;5.6;0.4;0.1;11;0.0;0.5;0.3;0.7;0.1;11.1;0.1;5.3;0.1;0.1;3.6;0.1;0.1;0;0.7;67;0.87;14;0.1;0;1613
Vincent Ocansey;ST (C);25;€9K - €90K;3. Liga;Germany;0.9;3.1;41%;0.0;16%;0;0.0;1.1;0.4;87%;8.8;0;0.4;2.6;0.4;0.5;0.4;0.9;0;37.6;1.0;6.7;1.1;1.1;11;0.3;2.2;0.0;0.1;0.4;11.3;0.3;10.9;0.2;1.8;4.2;0.2;1.8;17;0.0;39;2.09;18;0.3;0;2039
Ben Nink;D (RLC), WB (RL);18;€110K - €1.1M;3. Liga;Germany;2.5;8.8;40%;0.2;0%;0;0.0;0.6;0.2;86%;10.8;0;1.1;4.6;0.9;1.1;0.1;0.1;0;48.1;4.4;13.2;0.6;0.9;20;0.5;0.3;0.3;0.6;0.0;11.8;0.0;3.6;0.1;3.3;2.2;0.1;3.3;15;0.3;60;-0.35;23;0.0;0;1612
Emmanuel Agyemang;M/AM (LC);22;€400K - €3.9M;Premier Division;Austria;0.1;7.4;37%;0.0;11%;0;0.0;0.3;0.1;93%;19.8;0;0.0;0.4;0.2;0.1;0.2;0.3;0;2.1;0.3;0.7;0.3;0.1;2;0.0;0.8;0.0;0.0;0.1;0.6;0.1;0.0;0.1;0.1;0.0;0.2;0.1;50;0.0;100;-1.36;3;0.1;0;2267
Antoni Ziółkowski;D (LC);19;Unknown;PKO BP Ekstraklasa;Poland;3.4;11.3;0%;0.0;0%;0;0.0;0.0;0.0;89%;4.6;0;0.8;2.8;0.9;0.4;0.0;0.0;0;48.0;2.4;3.0;0.0;0.0;8;0.1;0.0;0.7;0.3;0.0;9.7;0.0;6.1;0.0;0.2;4.0;0.0;0.2;50;0.9;65;0;10;0.0;0;1730
Maksymilian Śmiechowski;D (C);19;Unknown;PKO BP Ekstraklasa;Poland;3.0;6.2;33%;0.2;0%;0;0.0;0.2;0.0;87%;7.1;0;1.5;2.7;1.2;0.7;0.2;0.1;0;47.9;2.1;2.9;0.2;0.0;14;0.0;0.3;0.5;1.0;0.0;9.3;0.0;5.9;0.0;0.0;4.1;0.0;0.0;0;0.6;69;-0.43;20;0.0;0;1787
Kiyan Ermis;AM (C);17;€45K - €425K;3. Liga;Germany;0.9;3.6;46%;0.1;14%;0;0.0;1.6;0.4;88%;10.4;0;0.4;5.1;1.2;0.3;0.3;0.6;0;50.1;2.6;10.5;1.6;1.1;9;0.1;1.2;0.2;0.2;0.2;12.6;0.2;4.8;0.2;0.9;0.9;0.1;0.9;16;0.0;19;-0.59;15;0.2;0;2527
Lauris Bausenwein;D/WB/M/AM (R);21;€45K - €450K;3. Liga;Germany;3.5;9.5;33%;0.0;6%;0;0.0;1.6;0.2;84%;15.6;0;0.5;10.4;2.7;1.7;0.8;0.4;0;46.8;5.3;16.2;1.6;4.2;50;0.9;1.1;0.1;0.4;0.1;12.7;0.1;4.1;0.2;5.9;1.0;0.2;6.2;15;0.0;24;-0.92;67;0.1;0;2602
Kacper Konieczny;D (C);19;Unknown;PKO BP Ekstraklasa;Poland;3.0;7.7;0%;0.0;0%;0;0.0;0.1;0.0;87%;9.0;0;1.0;2.7;0.8;0.4;0.0;0.0;0;47.4;2.3;3.3;0.1;0.0;8;0.0;0.2;0.4;0.6;0.0;9.8;0.0;5.7;0.0;0.1;3.4;0.0;0.1;0;0.6;59;-0.84;11;0.0;0;1851
