Player;Position;Age;Style;Open Play Key Passes per 90;Headers Won Percentage;Conv %;Possession Won per 90;Shots on Target Percentage;Expected Save Percentage;xGP/90;Progressive Passes per 90;Passes Attempted per 90;Possession Lost per 90;Key Passes per 90;Tackles Attempted;Chances Created per 90;Asts/90;Clearances per 90;xG-OP;Tackle Completion Percentage;Tackled Completed;Blk/90;Interceptions per 90;Pres A/90;Pres C/90;Shts Blckd/90;Tackles Completed per 90;Shot/90;Shots on Target per 90;Shots From Outside The Box Per 90 minutes;Save Percentage;xGP;Passes Completed per 90;Goals per 90 minutes;NP-xG/90;xG/90;xA/90;Sprints/90;Dribbles per 90;Dist/90;Headers Won per 90;Headers Attempted per 90;Open Play Crosses Completed per 90;Open Play Crosses Attempted per 90;Crosses Completed per 90;Crosses Attempted per 90;Crosses Completed Ratio;Key Headers per 90;Key Tackles per 90;Pass Completion Percentage;Goals Conceded;Minutes
Thomas Dähne;GK;31;Distributor;0,0;0;0%;8,6;0%;84;-0,2;0,6;25,1;3,0;0,0;1;0,0;0,0;0,4;0;0;0;0,0;0,3;0,0;0,0;0,0;0,0;0,0;0,0;0,0;75;-3.74;22,4;0,0;0,0;0,0;0,0;0,0;0,0;6,7;0,0;0,0;0,0;0,0;0,0;0,0;0;0,0;0,0;89%;22;1800
Raphael Schifferl;D (C);26;Physical;0,4;78;15%;12,6;46%;0;0,0;9,3;68,3;6,9;0,4;27;0,1;0,1;1,1;0.86;70;19;0,3;3,8;2,3;0,5;0,2;0,9;0,6;0,3;0,1;0;0;61,9;0,1;0,1;0,1;0,1;10,3;0,1;10,8;5,2;6,7;0,0;0,1;0,0;0,1;33;1,1;0,0;91%;0;1964
Jesper Verlaat;D (C);29;Physical;0,2;72;0%;11,8;7%;0;0,0;3,1;51,8;3,8;0,2;18;0,0;0,1;0,8;-0.87;50;9;0,5;4,4;1,9;0,4;0,4;0,4;0,7;0,0;0,0;0;0;48,7;0,0;0,0;0,0;0,0;4,9;0,1;9,9;5,3;7,3;0,0;0,1;0,0;0,1;33;0,5;0,0;94%;0;2070
Sean Dulic;D (RLC), WB (RL);20;Physical;0,3;82;0%;10,7;0%;0;0,0;9,1;62,6;5,7;0,3;16;0,0;0,0;1,2;-0.03;81;13;0,6;3,6;1,4;0,4;0,4;0,6;0,1;0,0;0,0;0;0;57,6;0,0;0,0;0,0;0,0;8,6;0,0;10,7;2,5;3,0;0,1;0,3;0,1;0,3;28;0,4;0,1;92%;0;1830
Marvin Rittmüller;D/WB (R);26;Physical;3,2;28;14%;9,6;44%;0;0,0;8,3;45,1;18,6;3,9;61;1,0;0,3;0,9;1.71;75;46;0,3;3,2;11,0;3,1;0,2;2,4;1,9;0,8;0,8;0;0;36,5;0,3;0,2;0,2;0,4;32,5;5,6;14,0;1,0;3,6;2,6;10,1;3,1;14,0;22;0,1;0,1;81%;0;1721
Thore Jacobsen;D (L), DM, M (C);28;Leader;1,6;48;21%;8,3;46%;0;0,0;10,4;68,3;9,3;1,6;49;0,2;0,0;0,7;0.57;65;32;0,1;3,0;7,6;2,5;0,0;1,6;1,2;0,6;0,9;0;0;60,3;0,3;0,1;0,2;0,1;20,8;0,7;12,8;0,8;1,6;0,1;0,3;0,1;0,4;28;0,0;0,0;88%;0;1760
Manuel Pfeifer;D/WB/M (L);26;Physical;2,1;53;7%;11,2;49%;0;0,0;6,6;46,5;16,8;2,3;51;0,7;0,4;0,6;-0.22;88;45;0,4;3,6;8,9;2,5;0,1;3,2;3,1;1,5;1,4;0;0;37,6;0,2;0,2;0,2;0,3;30,0;4,2;13,5;3,0;5,7;2,1;6,9;2,1;6,9;31;0,4;0,1;81%;0;1256
Philipp Maier;D (C), DM, M (C);31;Leader;0,8;68;14%;7,8;57%;0;0,0;7,4;60,5;7,4;0,8;10;0,4;0,2;1,3;0.41;70;7;0,4;2,3;6,1;1,7;0,4;1,5;1,5;0,8;0,4;0;0;52,7;0,2;0,1;0,1;0,2;24,2;0,0;12,8;3,2;4,6;0,2;0,4;0,2;0,4;50;0,0;0,2;87%;0;427
Kevin Volland;M (C), AM (RLC), ST (C);33;Leader;2,0;48;15%;4,7;44%;0;0,0;5,2;41,9;9,1;3,0;21;0,8;0,4;0,2;1.29;81;17;0,2;1,1;6,1;1,8;0,1;0,8;2,8;1,3;1,6;0;0;36,0;0,4;0,3;0,4;0,3;14,4;1,3;12,4;1,4;3,0;0,6;2,3;1,4;6,7;21;0,0;0,0;86%;0;1938
Sigurd Haugen;AM (L), ST (C);28;Physical;1,1;54;25%;3,8;54%;0;0,0;2,4;33,7;6,8;1,1;14;0,4;0,3;0,3;4.41;86;12;0,0;1,4;3,2;0,7;0,0;0,6;2,8;1,5;0,4;0;0;29,6;0,7;0,5;0,5;0,1;18,0;0,4;11,9;4,0;7,3;0,2;1,3;0,2;1,3;19;0,1;0,0;88%;0;1812
Patrick Hobsch;AM (RL), ST (C);31;Intelligent;2,1;29;17%;3,6;60%;0;0,0;2,6;24,7;6,2;2,1;14;0,5;0,4;0,1;2.41;71;10;0,1;0,9;2,6;0,8;0,0;0,6;2,8;1,6;1,3;0;0;21,7;0,5;0,3;0,3;0,3;10,5;1,1;11,2;1,2;4,0;0,4;1,8;0,4;1,8;23;0,0;0,0;88%;0;1536
Paul Bachmann;GK;20;Assertive;0,0;0;0%;8,3;0%;87;0,1;0,7;22,0;4,0;0,0;0;0,0;0,0;0,3;0;0;0;0,0;0,3;0,0;0,0;0,0;0,0;0,0;0,0;0,0;60;0.29;19,0;0,0;0,0;0,0;0,0;0,0;0,0;6,3;0,0;0,0;0,0;0,0;0,0;0,0;0;0,0;0,0;86%;2;270
Jakob Schurz;D (LC);18;Physical;1,5;75;0%;9,8;0%;0;0,0;8,2;44,2;7,2;1,5;1;0,0;0,0;1,0;-0.02;100;1;0,0;2,6;1,0;0,5;0,0;0,5;0,5;0,0;0,5;0;0;37,0;0,0;0,0;0,0;0,1;5,1;0,0;10,4;3,1;4,1;0,0;0,5;0,0;0,5;0;0,0;0,0;84%;0;175
Kilian Jakob;D/WB/M/AM (L);27;Creative;2,7;41;11%;10,4;52%;0;0,0;9,6;44,5;20,1;3,7;21;1,1;0,8;0,9;0.89;76;16;0,3;3,3;10,3;2,6;0,0;1,8;3,1;1,6;1,4;0;0;35,0;0,3;0,2;0,2;0,4;38,5;5,1;15,0;2,0;5,0;2,6;10,4;3,6;15,1;24;0,0;0,0;79%;0;793
Tim Danhof;D/WB/M/AM (R);28;Intelligent;2,3;50;25%;13,7;75%;0;0,0;9,2;50,1;22,6;2,3;15;0,7;0,0;1,6;0.75;73;11;0,7;6,2;10,5;1,6;0,0;3,6;1,3;1,0;0,7;0;0;40,3;0,3;0,1;0,1;0,2;31,1;1,6;16,6;2,3;4,6;2,0;9,8;2,0;11,5;17;0,0;0,0;80%;0;275
Lucas Grancay;DM, M (C);19;Physical;0,0;0;25%;0,0;25%;0;0,0;0,0;0,0;0,0;0,0;1;0,0;0,0;0,0;0.74;100;1;0,0;0,0;0,0;0,0;0,0;0,0;0,0;0,0;0,0;0;0;0,0;0,0;0,0;0,0;0,0;0,0;0,0;0,0;0,0;0,0;0,0;0,0;0,0;0,0;66;0,0;0,0;90%;0;70
Tunay Deniz;DM, M (C), AM (LC);31;Intelligent;2,0;38;15%;7,4;54%;0;0,0;7,0;55,0;9,2;2,3;10;0,8;0,3;0,1;0.87;90;9;0,6;2,0;7,0;2,1;0,5;1,1;1,6;0,9;1,1;0;0;48,2;0,3;0,1;0,1;0,2;27,7;1,3;13,2;0,8;2,0;0,6;2,4;1,0;5,5;18;0,1;0,0;88%;0;715
Maximilian Wolfram;AM (RLC), ST (C);28;Physical;0,0;100;0%;0,0;0%;0;0,0;0,0;0,0;0,0;0,0;0;0,0;0,0;0,0;0;0;0;0,0;0,0;0,0;0,0;0,0;0,0;0,0;0,0;0,0;0;0;0,0;0,0;0,0;0,0;0,0;0,0;0,0;0,0;0,0;0,0;0,0;0,0;0,0;0,0;0;0,0;0,0;100%;0;3
Max Reinthaler;D (C);30;Leader;0,0;0;0%;0,0;0%;0;0,0;0,0;0,0;0,0;0,0;0;0,0;0,0;0,0;0;0;0;0,0;0,0;0,0;0,0;0,0;0,0;0,0;0,0;0,0;0;0;0,0;0,0;0,0;0,0;0,0;0,0;0,0;0,0;0,0;0,0;0,0;0,0;0,0;0,0;0;0,0;0,0;0%;0;0
Florian Niederlechner;AM (C), ST (C);35;Leader;1,7;33;13%;3,7;25%;0;0,0;1,6;26,1;5,9;1,7;1;0,5;0,4;0,1;-0.47;100;1;0,1;1,2;3,0;0,7;0,0;0,1;3,0;0,7;1,4;0;0;22,5;0,4;0,4;0,4;0,1;10,7;0,2;11,3;1,9;5,7;0,2;1,5;0,2;1,5;16;0,0;0,0;86%;0;721
Siemen Voet;D (C);25;Leader;0,0;100;0%;0,0;0%;0;0,0;0,0;0,0;0,0;0,0;0;0,0;0,0;0,0;0;0;0;0,0;0,0;0,0;0,0;0,0;0,0;0,0;0,0;0,0;0;0;0,0;0,0;0,0;0,0;0,0;0,0;0,0;0,0;0,0;0,0;0,0;0,0;0,0;0,0;0;0,0;0,0;79%;0;16
Clemens Lippmann;D (RLC), WB (RL), DM, ST (C);19;Physical;0,9;46;0%;12,3;0%;0;0,0;11,4;54,9;17,1;0,9;4;0,0;0,0;0,0;-0.06;100;4;0,9;2,8;13,3;1,9;0,9;3,8;1,9;0,0;0,9;0;0;42,6;0,0;0,1;0,1;0,0;34,1;1,9;17,3;5,7;12,3;1,9;11,4;1,9;11,4;16;0,0;0,0;78%;0;95
Justin Steinkötter;ST (C);26;Physical;0,0;0;0%;0,0;0%;0;0,0;0,0;0,0;0,0;0,0;0;0,0;0,0;0,0;0;0;0;0,0;0,0;0,0;0,0;0,0;0,0;0,0;0,0;0,0;0;0;0,0;0,0;0,0;0,0;0,0;0,0;0,0;0,0;0,0;0,0;0,0;0,0;0,0;0,0;0;0,0;0,0;0%;0;0
Morris Schröter;D/WB/M/AM (R);30;Leader;0,0;0;0%;0,0;0%;0;0,0;0,0;0,0;0,0;0,0;0;0,0;0,0;0,0;0;0;0;0,0;0,0;0,0;0,0;0,0;0,0;0,0;0,0;0,0;0;0;0,0;0,0;0,0;0,0;0,0;0,0;0,0;0,0;0,0;0,0;0,0;0,0;0,0;0,0;0;0,0;0,0;0%;0;0
Max Christiansen;DM, M (C);29;Leader;2,3;46;12%;6,8;52%;0;0,0;4,0;44,9;8,1;2,3;31;0,6;0,3;0,5;0.42;68;21;0,5;3,3;8,6;1,9;0,5;1,4;1,7;0,9;0,9;0;0;39,3;0,2;0,2;0,2;0,2;28,5;1,0;13,2;1,3;2,7;0,9;3,5;0,9;3,5;26;0,1;0,0;88%;0;1346
David Philipp;M (C), AM (RC), ST (C);25;Technical;3,5;0;0%;4,4;13%;0;0,0;6,2;37,1;5,3;3,5;3;0,0;1,8;0,0;-0.64;100;3;0,0;0,0;4,4;0,9;0,0;2,6;7,1;0,9;4,4;0;0;32,6;0,0;0,6;0,6;0,2;21,2;0,0;12,4;0,0;3,5;0,9;1,8;0,9;4,4;20;0,0;0,0;88%;0;102
